Time,DroneID,X,Y,Z,Target position,Target Speed,Origin Lat,Origin Lon,Destination Lat,Destination Lon,Completed
80.00,FP000017,10460.16,10.00,8287.50,"(14314.86, 10, 12030.67)",55,10262.8759765625,8095.921875,18366.84375,15965.4111328125,false
90.00,FP000017,10854.73,10.00,8670.65,"(14314.86, 10, 12030.67)",55,10262.8759765625,8095.921875,18366.84375,15965.4111328125,false
100.00,FP000017,11249.30,10.00,9053.81,"(14314.86, 10, 12030.67)",55,10262.8759765625,8095.921875,18366.84375,15965.4111328125,false
110.00,FP000017,11643.87,10.00,9436.96,"(14314.86, 10, 12030.67)",55,10262.8759765625,8095.921875,18366.84375,15965.4111328125,false
120.00,FP000017,12038.45,10.00,9820.12,"(14314.86, 10, 12030.67)",55,10262.8759765625,8095.921875,18366.84375,15965.4111328125,false
120.00,FP000003,10085.63,10.00,8226.24,"(4726.939, 10, 12166.1)",55,10262.8759765625,8095.921875,-808.997192382813,16236.2802734375,false
130.00,FP000017,12433.02,10.00,10203.27,"(14314.86, 10, 12030.67)",55,10262.8759765625,8095.921875,18366.84375,15965.4111328125,false
130.00,FP000003,9642.50,10.00,8552.04,"(4726.939, 10, 12166.1)",55,10262.8759765625,8095.921875,-808.997192382813,16236.2802734375,false
140.00,FP000017,12827.59,10.00,10586.43,"(14314.86, 10, 12030.67)",55,10262.8759765625,8095.921875,18366.84375,15965.4111328125,false
140.00,FP000003,9199.38,10.00,8877.84,"(4726.939, 10, 12166.1)",55,10262.8759765625,8095.921875,-808.997192382813,16236.2802734375,false
150.00,FP000017,13222.16,10.00,10969.58,"(14314.86, 10, 12030.67)",55,10262.8759765625,8095.921875,18366.84375,15965.4111328125,false
150.00,FP000003,8756.25,10.00,9203.64,"(4726.939, 10, 12166.1)",55,10262.8759765625,8095.921875,-808.997192382813,16236.2802734375,false
160.00,FP000017,13616.73,10.00,11352.73,"(14314.86, 10, 12030.67)",55,10262.8759765625,8095.921875,18366.84375,15965.4111328125,false
160.00,FP000003,8313.13,10.00,9529.43,"(4726.939, 10, 12166.1)",55,10262.8759765625,8095.921875,-808.997192382813,16236.2802734375,false
170.00,FP000017,14011.30,10.00,11735.89,"(14314.86, 10, 12030.67)",55,10262.8759765625,8095.921875,18366.84375,15965.4111328125,false
170.00,FP000003,7870.00,10.00,9855.23,"(4726.939, 10, 12166.1)",55,10262.8759765625,8095.921875,-808.997192382813,16236.2802734375,false
180.00,FP000017,14370.10,10.00,12084.31,"(18366.84, 10, 15965.41)",38.5,10262.8759765625,8095.921875,18366.84375,15965.4111328125,false
180.00,FP000003,7426.88,10.00,10181.03,"(4726.939, 10, 12166.1)",55,10262.8759765625,8095.921875,-808.997192382813,16236.2802734375,false
190.00,FP000017,14646.30,10.00,12352.52,"(18366.84, 10, 15965.41)",38.5,10262.8759765625,8095.921875,18366.84375,15965.4111328125,false
190.00,FP000003,6983.76,10.00,10506.82,"(4726.939, 10, 12166.1)",55,10262.8759765625,8095.921875,-808.997192382813,16236.2802734375,false
200.00,FP000017,14922.50,10.00,12620.73,"(18366.84, 10, 15965.41)",38.5,10262.8759765625,8095.921875,18366.84375,15965.4111328125,false
200.00,FP000003,6540.64,10.00,10832.61,"(4726.939, 10, 12166.1)",55,10262.8759765625,8095.921875,-808.997192382813,16236.2802734375,false
210.00,FP000017,15198.70,10.00,12888.95,"(18366.84, 10, 15965.41)",38.5,10262.8759765625,8095.921875,18366.84375,15965.4111328125,false
210.00,FP000003,6097.52,10.00,11158.41,"(4726.939, 10, 12166.1)",55,10262.8759765625,8095.921875,-808.997192382813,16236.2802734375,false
220.00,FP000017,15474.90,10.00,13157.16,"(18366.84, 10, 15965.41)",38.5,10262.8759765625,8095.921875,18366.84375,15965.4111328125,false
220.00,FP000003,5654.40,10.00,11484.20,"(4726.939, 10, 12166.1)",55,10262.8759765625,8095.921875,-808.997192382813,16236.2802734375,false
230.00,FP000017,15751.11,10.00,13425.37,"(18366.84, 10, 15965.41)",38.5,10262.8759765625,8095.921875,18366.84375,15965.4111328125,false
230.00,FP000003,5211.28,10.00,11810.00,"(4726.939, 10, 12166.1)",55,10262.8759765625,8095.921875,-808.997192382813,16236.2802734375,false
240.00,FP000017,16027.31,10.00,13693.59,"(18366.84, 10, 15965.41)",38.5,10262.8759765625,8095.921875,18366.84375,15965.4111328125,false
240.00,FP000003,4768.16,10.00,12135.79,"(4726.939, 10, 12166.1)",55,10262.8759765625,8095.921875,-808.997192382813,16236.2802734375,false
250.00,FP000017,16303.51,10.00,13961.80,"(18366.84, 10, 15965.41)",38.5,10262.8759765625,8095.921875,18366.84375,15965.4111328125,false
250.00,FP000003,4447.77,10.00,12371.35,"(-808.9972, 10, 16236.28)",38.5,10262.8759765625,8095.921875,-808.997192382813,16236.2802734375,false
260.00,FP000017,16579.72,10.00,14230.01,"(18366.84, 10, 15965.41)",38.5,10262.8759765625,8095.921875,18366.84375,15965.4111328125,false
260.00,FP000003,4137.59,10.00,12599.41,"(-808.9972, 10, 16236.28)",38.5,10262.8759765625,8095.921875,-808.997192382813,16236.2802734375,false
270.00,FP000017,16855.93,10.00,14498.22,"(18366.84, 10, 15965.41)",38.5,10262.8759765625,8095.921875,18366.84375,15965.4111328125,false
270.00,FP000003,3827.40,10.00,12827.47,"(-808.9972, 10, 16236.28)",38.5,10262.8759765625,8095.921875,-808.997192382813,16236.2802734375,false
280.00,FP000017,17132.14,10.00,14766.44,"(18366.84, 10, 15965.41)",38.5,10262.8759765625,8095.921875,18366.84375,15965.4111328125,false
280.00,FP000003,3517.22,10.00,13055.52,"(-808.9972, 10, 16236.28)",38.5,10262.8759765625,8095.921875,-808.997192382813,16236.2802734375,false
290.00,FP000017,17408.35,10.00,15034.65,"(18366.84, 10, 15965.41)",38.5,10262.8759765625,8095.921875,18366.84375,15965.4111328125,false
290.00,FP000003,3207.03,10.00,13283.58,"(-808.9972, 10, 16236.28)",38.5,10262.8759765625,8095.921875,-808.997192382813,16236.2802734375,false
300.00,FP000017,17684.56,10.00,15302.86,"(18366.84, 10, 15965.41)",38.5,10262.8759765625,8095.921875,18366.84375,15965.4111328125,false
300.00,FP000003,2896.84,10.00,13511.64,"(-808.9972, 10, 16236.28)",38.5,10262.8759765625,8095.921875,-808.997192382813,16236.2802734375,false
310.00,FP000017,17960.76,10.00,15571.08,"(18366.84, 10, 15965.41)",38.5,10262.8759765625,8095.921875,18366.84375,15965.4111328125,false
310.00,FP000003,2586.66,10.00,13739.69,"(-808.9972, 10, 16236.28)",38.5,10262.8759765625,8095.921875,-808.997192382813,16236.2802734375,false
320.00,FP000017,18236.96,10.00,15839.29,"(18366.84, 10, 15965.41)",38.5,10262.8759765625,8095.921875,18366.84375,15965.4111328125,false
320.00,FP000003,2276.47,10.00,13967.75,"(-808.9972, 10, 16236.28)",38.5,10262.8759765625,8095.921875,-808.997192382813,16236.2802734375,false
330.00,FP000017,18287.93,10.00,15888.78,"(14314.87, 10, 12030.67)",55,10262.8759765625,8095.921875,18366.84375,15965.4111328125,false
330.00,FP000003,1966.29,10.00,14195.81,"(-808.9972, 10, 16236.28)",38.5,10262.8759765625,8095.921875,-808.997192382813,16236.2802734375,false
340.00,FP000017,17893.36,10.00,15505.63,"(14314.87, 10, 12030.67)",55,10262.8759765625,8095.921875,18366.84375,15965.4111328125,false
340.00,FP000003,1656.10,10.00,14423.86,"(-808.9972, 10, 16236.28)",38.5,10262.8759765625,8095.921875,-808.997192382813,16236.2802734375,false
340.00,FP000008,10384.78,10.00,8575.67,"(11984.36, 10, 14870.82)",55,10262.8759765625,8095.921875,13705.83984375,21645.708984375,false
350.00,FP000017,17498.79,10.00,15122.47,"(14314.87, 10, 12030.67)",55,10262.8759765625,8095.921875,18366.84375,15965.4111328125,false
350.00,FP000003,1345.92,10.00,14651.92,"(-808.9972, 10, 16236.28)",38.5,10262.8759765625,8095.921875,-808.997192382813,16236.2802734375,false
350.00,FP000008,10520.23,10.00,9108.73,"(11984.36, 10, 14870.82)",55,10262.8759765625,8095.921875,13705.83984375,21645.708984375,false
360.00,FP000017,17104.22,10.00,14739.32,"(14314.87, 10, 12030.67)",55,10262.8759765625,8095.921875,18366.84375,15965.4111328125,false
360.00,FP000003,1035.73,10.00,14879.98,"(-808.9972, 10, 16236.28)",38.5,10262.8759765625,8095.921875,-808.997192382813,16236.2802734375,false
360.00,FP000008,10655.68,10.00,9641.79,"(11984.36, 10, 14870.82)",55,10262.8759765625,8095.921875,13705.83984375,21645.708984375,false
370.00,FP000017,16709.65,10.00,14356.17,"(14314.87, 10, 12030.67)",55,10262.8759765625,8095.921875,18366.84375,15965.4111328125,false
370.00,FP000003,725.55,10.00,15108.03,"(-808.9972, 10, 16236.28)",38.5,10262.8759765625,8095.921875,-808.997192382813,16236.2802734375,false
370.00,FP000008,10791.13,10.00,10174.84,"(11984.36, 10, 14870.82)",55,10262.8759765625,8095.921875,13705.83984375,21645.708984375,false
370.00,FP000006,10205.96,10.00,8364.97,"(8973.383, 10, 14191.29)",55,10262.8759765625,8095.921875,7683.890625,20286.662109375,false
380.00,FP000017,16315.08,10.00,13973.01,"(14314.87, 10, 12030.67)",55,10262.8759765625,8095.921875,18366.84375,15965.4111328125,false
380.00,FP000003,415.36,10.00,15336.09,"(-808.9972, 10, 16236.28)",38.5,10262.8759765625,8095.921875,-808.997192382813,16236.2802734375,false
380.00,FP000008,10926.58,10.00,10707.90,"(11984.36, 10, 14870.82)",55,10262.8759765625,8095.921875,13705.83984375,21645.708984375,false
380.00,FP000006,10092.12,10.00,8903.06,"(8973.383, 10, 14191.29)",55,10262.8759765625,8095.921875,7683.890625,20286.662109375,false
390.00,FP000017,15920.51,10.00,13589.86,"(14314.87, 10, 12030.67)",55,10262.8759765625,8095.921875,18366.84375,15965.4111328125,false
390.00,FP000003,105.18,10.00,15564.15,"(-808.9972, 10, 16236.28)",38.5,10262.8759765625,8095.921875,-808.997192382813,16236.2802734375,false
390.00,FP000008,11062.03,10.00,11240.96,"(11984.36, 10, 14870.82)",55,10262.8759765625,8095.921875,13705.83984375,21645.708984375,false
390.00,FP000006,9978.28,10.00,9441.15,"(8973.383, 10, 14191.29)",55,10262.8759765625,8095.921875,7683.890625,20286.662109375,false
400.00,FP000017,15525.94,10.00,13206.70,"(14314.87, 10, 12030.67)",55,10262.8759765625,8095.921875,18366.84375,15965.4111328125,false
400.00,FP000003,-205.01,10.00,15792.20,"(-808.9972, 10, 16236.28)",38.5,10262.8759765625,8095.921875,-808.997192382813,16236.2802734375,false
400.00,FP000008,11197.48,10.00,11774.01,"(11984.36, 10, 14870.82)",55,10262.8759765625,8095.921875,13705.83984375,21645.708984375,false
400.00,FP000006,9864.44,10.00,9979.25,"(8973.383, 10, 14191.29)",55,10262.8759765625,8095.921875,7683.890625,20286.662109375,false
410.00,FP000017,15131.37,10.00,12823.55,"(14314.87, 10, 12030.67)",55,10262.8759765625,8095.921875,18366.84375,15965.4111328125,false
410.00,FP000003,-515.19,10.00,16020.26,"(-808.9972, 10, 16236.28)",38.5,10262.8759765625,8095.921875,-808.997192382813,16236.2802734375,false
410.00,FP000008,11332.92,10.00,12307.07,"(11984.36, 10, 14870.82)",55,10262.8759765625,8095.921875,13705.83984375,21645.708984375,false
410.00,FP000006,9750.61,10.00,10517.35,"(8973.383, 10, 14191.29)",55,10262.8759765625,8095.921875,7683.890625,20286.662109375,false
420.00,FP000017,14736.80,10.00,12440.39,"(14314.87, 10, 12030.67)",55,10262.8759765625,8095.921875,18366.84375,15965.4111328125,false
420.00,FP000003,-809.00,10.00,16236.28,"(-808.9972, 0, 16236.28)",22,10262.8759765625,8095.921875,-808.997192382813,16236.2802734375,false
420.00,FP000008,11468.37,10.00,12840.13,"(11984.36, 10, 14870.82)",55,10262.8759765625,8095.921875,13705.83984375,21645.708984375,false
420.00,FP000006,9636.77,10.00,11055.44,"(8973.383, 10, 14191.29)",55,10262.8759765625,8095.921875,7683.890625,20286.662109375,false
430.00,FP000017,14342.22,10.00,12057.24,"(14314.87, 10, 12030.67)",55,10262.8759765625,8095.921875,18366.84375,15965.4111328125,false
430.00,FP000003,-498.82,10.00,16008.22,"(4726.933, 10, 12166.11)",55,10262.8759765625,8095.921875,-808.997192382813,16236.2802734375,false
430.00,FP000008,11603.82,10.00,13373.18,"(11984.36, 10, 14870.82)",55,10262.8759765625,8095.921875,13705.83984375,21645.708984375,false
430.00,FP000006,9522.94,10.00,11593.54,"(8973.383, 10, 14191.29)",55,10262.8759765625,8095.921875,7683.890625,20286.662109375,false
430.00,FP000010,10183.07,10.00,7920.74,"(6286.982, 10, -631.4398)",38.5,10262.8759765625,8095.921875,6286.982421875,-631.439758300781,false
440.00,FP000017,14101.79,10.00,11823.77,"(10270.05, 10, 8102.888)",33,10262.8759765625,8095.921875,18366.84375,15965.4111328125,false
440.00,FP000003,-55.69,10.00,15682.43,"(4726.933, 10, 12166.11)",55,10262.8759765625,8095.921875,-808.997192382813,16236.2802734375,false
440.00,FP000008,11739.27,10.00,13906.25,"(11984.36, 10, 14870.82)",55,10262.8759765625,8095.921875,13705.83984375,21645.708984375,false
440.00,FP000006,9409.10,10.00,12131.63,"(8973.383, 10, 14191.29)",55,10262.8759765625,8095.921875,7683.890625,20286.662109375,false
440.00,FP000010,10023.46,10.00,7570.39,"(6286.982, 10, -631.4398)",38.5,10262.8759765625,8095.921875,6286.982421875,-631.439758300781,false
450.00,FP000017,13865.04,10.00,11593.88,"(10270.05, 10, 8102.888)",33,10262.8759765625,8095.921875,18366.84375,15965.4111328125,false
450.00,FP000003,387.43,10.00,15356.63,"(4726.933, 10, 12166.11)",55,10262.8759765625,8095.921875,-808.997192382813,16236.2802734375,false
450.00,FP000008,11874.72,10.00,14439.31,"(11984.36, 10, 14870.82)",55,10262.8759765625,8095.921875,13705.83984375,21645.708984375,false
450.00,FP000006,9295.27,10.00,12669.73,"(8973.383, 10, 14191.29)",55,10262.8759765625,8095.921875,7683.890625,20286.662109375,false
450.00,FP000010,9863.85,10.00,7220.03,"(6286.982, 10, -631.4398)",38.5,10262.8759765625,8095.921875,6286.982421875,-631.439758300781,false
460.00,FP000017,13628.30,10.00,11363.98,"(10270.05, 10, 8102.888)",33,10262.8759765625,8095.921875,18366.84375,15965.4111328125,false
460.00,FP000003,830.55,10.00,15030.84,"(4726.933, 10, 12166.11)",55,10262.8759765625,8095.921875,-808.997192382813,16236.2802734375,false
460.00,FP000008,11993.84,10.00,14908.13,"(13705.84, 10, 21645.71)",38.5,10262.8759765625,8095.921875,13705.83984375,21645.708984375,false
460.00,FP000006,9181.44,10.00,13207.82,"(8973.383, 10, 14191.29)",55,10262.8759765625,8095.921875,7683.890625,20286.662109375,false
460.00,FP000010,9704.24,10.00,6869.67,"(6286.982, 10, -631.4398)",38.5,10262.8759765625,8095.921875,6286.982421875,-631.439758300781,false
470.00,FP000017,13391.55,10.00,11134.09,"(10270.05, 10, 8102.888)",33,10262.8759765625,8095.921875,18366.84375,15965.4111328125,false
470.00,FP000003,1273.67,10.00,14705.04,"(4726.933, 10, 12166.11)",55,10262.8759765625,8095.921875,-808.997192382813,16236.2802734375,false
470.00,FP000008,12088.65,10.00,15281.27,"(13705.84, 10, 21645.71)",38.5,10262.8759765625,8095.921875,13705.83984375,21645.708984375,false
470.00,FP000006,9067.60,10.00,13745.92,"(8973.383, 10, 14191.29)",55,10262.8759765625,8095.921875,7683.890625,20286.662109375,false
470.00,FP000010,9544.63,10.00,6519.32,"(6286.982, 10, -631.4398)",38.5,10262.8759765625,8095.921875,6286.982421875,-631.439758300781,false
480.00,FP000017,13154.80,10.00,10904.20,"(10270.05, 10, 8102.888)",33,10262.8759765625,8095.921875,18366.84375,15965.4111328125,false
480.00,FP000003,1716.79,10.00,14379.25,"(4726.933, 10, 12166.11)",55,10262.8759765625,8095.921875,-808.997192382813,16236.2802734375,false
480.00,FP000008,12183.47,10.00,15654.42,"(13705.84, 10, 21645.71)",38.5,10262.8759765625,8095.921875,13705.83984375,21645.708984375,false
480.00,FP000006,8965.41,10.00,14228.96,"(7683.891, 10, 20286.66)",38.5,10262.8759765625,8095.921875,7683.890625,20286.662109375,false
480.00,FP000010,9385.02,10.00,6168.96,"(6286.982, 10, -631.4398)",38.5,10262.8759765625,8095.921875,6286.982421875,-631.439758300781,false
490.00,FP000017,12918.05,10.00,10674.31,"(10270.05, 10, 8102.888)",33,10262.8759765625,8095.921875,18366.84375,15965.4111328125,false
490.00,FP000003,2159.91,10.00,14053.45,"(4726.933, 10, 12166.11)",55,10262.8759765625,8095.921875,-808.997192382813,16236.2802734375,false
490.00,FP000008,12278.28,10.00,16027.56,"(13705.84, 10, 21645.71)",38.5,10262.8759765625,8095.921875,13705.83984375,21645.708984375,false
490.00,FP000006,8885.73,10.00,14605.62,"(7683.891, 10, 20286.66)",38.5,10262.8759765625,8095.921875,7683.890625,20286.662109375,false
490.00,FP000010,9225.42,10.00,5818.60,"(6286.982, 10, -631.4398)",38.5,10262.8759765625,8095.921875,6286.982421875,-631.439758300781,false
500.00,FP000017,12681.30,10.00,10444.41,"(10270.05, 10, 8102.888)",33,10262.8759765625,8095.921875,18366.84375,15965.4111328125,false
500.00,FP000003,2603.04,10.00,13727.65,"(4726.933, 10, 12166.11)",55,10262.8759765625,8095.921875,-808.997192382813,16236.2802734375,false
500.00,FP000008,12373.10,10.00,16400.71,"(13705.84, 10, 21645.71)",38.5,10262.8759765625,8095.921875,13705.83984375,21645.708984375,false
500.00,FP000006,8806.04,10.00,14982.28,"(7683.891, 10, 20286.66)",38.5,10262.8759765625,8095.921875,7683.890625,20286.662109375,false
500.00,FP000010,9065.81,10.00,5468.25,"(6286.982, 10, -631.4398)",38.5,10262.8759765625,8095.921875,6286.982421875,-631.439758300781,false
510.00,FP000017,12444.56,10.00,10214.52,"(10270.05, 10, 8102.888)",33,10262.8759765625,8095.921875,18366.84375,15965.4111328125,false
510.00,FP000003,3046.16,10.00,13401.86,"(4726.933, 10, 12166.11)",55,10262.8759765625,8095.921875,-808.997192382813,16236.2802734375,false
510.00,FP000008,12467.91,10.00,16773.85,"(13705.84, 10, 21645.71)",38.5,10262.8759765625,8095.921875,13705.83984375,21645.708984375,false
510.00,FP000006,8726.35,10.00,15358.94,"(7683.891, 10, 20286.66)",38.5,10262.8759765625,8095.921875,7683.890625,20286.662109375,false
510.00,FP000010,8906.20,10.00,5117.89,"(6286.982, 10, -631.4398)",38.5,10262.8759765625,8095.921875,6286.982421875,-631.439758300781,false
520.00,FP000017,12207.83,10.00,9984.63,"(10270.05, 10, 8102.888)",33,10262.8759765625,8095.921875,18366.84375,15965.4111328125,false
520.00,FP000003,3489.28,10.00,13076.06,"(4726.933, 10, 12166.11)",55,10262.8759765625,8095.921875,-808.997192382813,16236.2802734375,false
520.00,FP000008,12562.73,10.00,17147.00,"(13705.84, 10, 21645.71)",38.5,10262.8759765625,8095.921875,13705.83984375,21645.708984375,false
520.00,FP000006,8646.66,10.00,15735.60,"(7683.891, 10, 20286.66)",38.5,10262.8759765625,8095.921875,7683.890625,20286.662109375,false
520.00,FP000010,8746.59,10.00,4767.54,"(6286.982, 10, -631.4398)",38.5,10262.8759765625,8095.921875,6286.982421875,-631.439758300781,false
530.00,FP000017,11971.09,10.00,9754.74,"(10270.05, 10, 8102.888)",33,10262.8759765625,8095.921875,18366.84375,15965.4111328125,false
530.00,FP000003,3932.41,10.00,12750.27,"(4726.933, 10, 12166.11)",55,10262.8759765625,8095.921875,-808.997192382813,16236.2802734375,false
530.00,FP000008,12657.54,10.00,17520.14,"(13705.84, 10, 21645.71)",38.5,10262.8759765625,8095.921875,13705.83984375,21645.708984375,false
530.00,FP000006,8566.98,10.00,16112.26,"(7683.891, 10, 20286.66)",38.5,10262.8759765625,8095.921875,7683.890625,20286.662109375,false
530.00,FP000010,8586.98,10.00,4417.18,"(6286.982, 10, -631.4398)",38.5,10262.8759765625,8095.921875,6286.982421875,-631.439758300781,false
540.00,FP000017,11734.35,10.00,9524.84,"(10270.05, 10, 8102.888)",33,10262.8759765625,8095.921875,18366.84375,15965.4111328125,false
540.00,FP000003,4375.53,10.00,12424.47,"(4726.933, 10, 12166.11)",55,10262.8759765625,8095.921875,-808.997192382813,16236.2802734375,false
540.00,FP000008,12752.35,10.00,17893.29,"(13705.84, 10, 21645.71)",38.5,10262.8759765625,8095.921875,13705.83984375,21645.708984375,false
540.00,FP000006,8487.30,10.00,16488.92,"(7683.891, 10, 20286.66)",38.5,10262.8759765625,8095.921875,7683.890625,20286.662109375,false
540.00,FP000010,8427.37,10.00,4066.82,"(6286.982, 10, -631.4398)",38.5,10262.8759765625,8095.921875,6286.982421875,-631.439758300781,false
550.00,FP000017,11497.61,10.00,9294.95,"(10270.05, 10, 8102.888)",33,10262.8759765625,8095.921875,18366.84375,15965.4111328125,false
550.00,FP000003,4780.11,10.00,12127.01,"(10254.82, 10, 8101.845)",33,10262.8759765625,8095.921875,-808.997192382813,16236.2802734375,false
550.00,FP000008,12847.17,10.00,18266.43,"(13705.84, 10, 21645.71)",38.5,10262.8759765625,8095.921875,13705.83984375,21645.708984375,false
550.00,FP000006,8407.62,10.00,16865.58,"(7683.891, 10, 20286.66)",38.5,10262.8759765625,8095.921875,7683.890625,20286.662109375,false
550.00,FP000010,8267.76,10.00,3716.47,"(6286.982, 10, -631.4398)",38.5,10262.8759765625,8095.921875,6286.982421875,-631.439758300781,false
550.00,FP000024,10254.18,10.00,8105.04,"(9595.089, 10, 8796.248)",12.6,10262.8759765625,8095.921875,9595.0888671875,8796.248046875,false
560.00,FP000017,11260.87,10.00,9065.06,"(10270.05, 10, 8102.888)",33,10262.8759765625,8095.921875,18366.84375,15965.4111328125,false
560.00,FP000003,5045.98,10.00,11931.53,"(10254.82, 10, 8101.845)",33,10262.8759765625,8095.921875,-808.997192382813,16236.2802734375,false
560.00,FP000008,12941.98,10.00,18639.57,"(13705.84, 10, 21645.71)",38.5,10262.8759765625,8095.921875,13705.83984375,21645.708984375,false
560.00,FP000006,8327.93,10.00,17242.24,"(7683.891, 10, 20286.66)",38.5,10262.8759765625,8095.921875,7683.890625,20286.662109375,false
560.00,FP000010,8108.15,10.00,3366.11,"(6286.982, 10, -631.4398)",38.5,10262.8759765625,8095.921875,6286.982421875,-631.439758300781,false
560.00,FP000024,10167.23,10.00,8196.23,"(9595.089, 10, 8796.248)",12.6,10262.8759765625,8095.921875,9595.0888671875,8796.248046875,false
570.00,FP000017,11024.13,10.00,8835.17,"(10270.05, 10, 8102.888)",33,10262.8759765625,8095.921875,18366.84375,15965.4111328125,false
570.00,FP000003,5311.86,10.00,11736.05,"(10254.82, 10, 8101.845)",33,10262.8759765625,8095.921875,-808.997192382813,16236.2802734375,false
570.00,FP000008,13036.80,10.00,19012.72,"(13705.84, 10, 21645.71)",38.5,10262.8759765625,8095.921875,13705.83984375,21645.708984375,false
570.00,FP000006,8248.25,10.00,17618.90,"(7683.891, 10, 20286.66)",38.5,10262.8759765625,8095.921875,7683.890625,20286.662109375,false
570.00,FP000010,7948.54,10.00,3015.75,"(6286.982, 10, -631.4398)",38.5,10262.8759765625,8095.921875,6286.982421875,-631.439758300781,false
570.00,FP000024,10080.27,10.00,8287.42,"(9595.089, 10, 8796.248)",12.6,10262.8759765625,8095.921875,9595.0888671875,8796.248046875,false
580.00,FP000017,10787.39,10.00,8605.27,"(10270.05, 10, 8102.888)",33,10262.8759765625,8095.921875,18366.84375,15965.4111328125,false
580.00,FP000003,5577.73,10.00,11540.57,"(10254.82, 10, 8101.845)",33,10262.8759765625,8095.921875,-808.997192382813,16236.2802734375,false
580.00,FP000008,13131.61,10.00,19385.86,"(13705.84, 10, 21645.71)",38.5,10262.8759765625,8095.921875,13705.83984375,21645.708984375,false
580.00,FP000006,8168.57,10.00,17995.56,"(7683.891, 10, 20286.66)",38.5,10262.8759765625,8095.921875,7683.890625,20286.662109375,false
580.00,FP000010,7788.93,10.00,2665.40,"(6286.982, 10, -631.4398)",38.5,10262.8759765625,8095.921875,6286.982421875,-631.439758300781,false
580.00,FP000024,9993.32,10.00,8378.61,"(9595.089, 10, 8796.248)",12.6,10262.8759765625,8095.921875,9595.0888671875,8796.248046875,false
590.00,FP000017,10550.66,10.00,8375.38,"(10270.05, 10, 8102.888)",33,10262.8759765625,8095.921875,18366.84375,15965.4111328125,false
590.00,FP000003,5843.60,10.00,11345.10,"(10254.82, 10, 8101.845)",33,10262.8759765625,8095.921875,-808.997192382813,16236.2802734375,false
590.00,FP000008,13226.43,10.00,19759.01,"(13705.84, 10, 21645.71)",38.5,10262.8759765625,8095.921875,13705.83984375,21645.708984375,false
590.00,FP000006,8088.89,10.00,18372.22,"(7683.891, 10, 20286.66)",38.5,10262.8759765625,8095.921875,7683.890625,20286.662109375,false
590.00,FP000010,7629.31,10.00,2315.04,"(6286.982, 10, -631.4398)",38.5,10262.8759765625,8095.921875,6286.982421875,-631.439758300781,false
590.00,FP000024,9906.37,10.00,8469.80,"(9595.089, 10, 8796.248)",12.6,10262.8759765625,8095.921875,9595.0888671875,8796.248046875,false
600.00,FP000017,10313.91,10.00,8145.48,"(10270.05, 10, 8102.888)",33,10262.8759765625,8095.921875,18366.84375,15965.4111328125,false
600.00,FP000003,6109.48,10.00,11149.62,"(10254.82, 10, 8101.845)",33,10262.8759765625,8095.921875,-808.997192382813,16236.2802734375,false
600.00,FP000008,13321.24,10.00,20132.15,"(13705.84, 10, 21645.71)",38.5,10262.8759765625,8095.921875,13705.83984375,21645.708984375,false
600.00,FP000006,8009.20,10.00,18748.88,"(7683.891, 10, 20286.66)",38.5,10262.8759765625,8095.921875,7683.890625,20286.662109375,false
600.00,FP000010,7469.70,10.00,1964.68,"(6286.982, 10, -631.4398)",38.5,10262.8759765625,8095.921875,6286.982421875,-631.439758300781,false
600.00,FP000024,9819.42,10.00,8560.99,"(9595.089, 10, 8796.248)",12.6,10262.8759765625,8095.921875,9595.0888671875,8796.248046875,false
610.00,FP000003,6375.35,10.00,10954.14,"(10254.82, 10, 8101.845)",33,10262.8759765625,8095.921875,-808.997192382813,16236.2802734375,false
610.00,FP000008,13416.06,10.00,20505.30,"(13705.84, 10, 21645.71)",38.5,10262.8759765625,8095.921875,13705.83984375,21645.708984375,false
610.00,FP000006,7929.52,10.00,19125.54,"(7683.891, 10, 20286.66)",38.5,10262.8759765625,8095.921875,7683.890625,20286.662109375,false
610.00,FP000010,7310.09,10.00,1614.33,"(6286.982, 10, -631.4398)",38.5,10262.8759765625,8095.921875,6286.982421875,-631.439758300781,false
610.00,FP000024,9732.46,10.00,8652.18,"(9595.089, 10, 8796.248)",12.6,10262.8759765625,8095.921875,9595.0888671875,8796.248046875,false
620.00,FP000003,6641.23,10.00,10758.66,"(10254.82, 10, 8101.845)",33,10262.8759765625,8095.921875,-808.997192382813,16236.2802734375,false
620.00,FP000008,13510.87,10.00,20878.44,"(13705.84, 10, 21645.71)",38.5,10262.8759765625,8095.921875,13705.83984375,21645.708984375,false
620.00,FP000006,7849.84,10.00,19502.20,"(7683.891, 10, 20286.66)",38.5,10262.8759765625,8095.921875,7683.890625,20286.662109375,false
620.00,FP000010,7150.48,10.00,1263.97,"(6286.982, 10, -631.4398)",38.5,10262.8759765625,8095.921875,6286.982421875,-631.439758300781,false
620.00,FP000024,9645.51,10.00,8743.37,"(9595.089, 10, 8796.248)",12.6,10262.8759765625,8095.921875,9595.0888671875,8796.248046875,false
630.00,FP000003,6907.10,10.00,10563.18,"(10254.82, 10, 8101.845)",33,10262.8759765625,8095.921875,-808.997192382813,16236.2802734375,false
630.00,FP000008,13605.69,10.00,21251.59,"(13705.84, 10, 21645.71)",38.5,10262.8759765625,8095.921875,13705.83984375,21645.708984375,false
630.00,FP000006,7770.16,10.00,19878.86,"(7683.891, 10, 20286.66)",38.5,10262.8759765625,8095.921875,7683.890625,20286.662109375,false
630.00,FP000010,6990.87,10.00,913.62,"(6286.982, 10, -631.4398)",38.5,10262.8759765625,8095.921875,6286.982421875,-631.439758300781,false
630.00,FP000024,9602.51,10.00,8788.47,"(10255.97, 10, 8103.159)",10.8,10262.8759765625,8095.921875,9595.0888671875,8796.248046875,false
640.00,FP000003,7172.97,10.00,10367.70,"(10254.82, 10, 8101.845)",33,10262.8759765625,8095.921875,-808.997192382813,16236.2802734375,false
640.00,FP000008,13700.51,10.00,21624.73,"(13705.84, 10, 21645.71)",38.5,10262.8759765625,8095.921875,13705.83984375,21645.708984375,false
640.00,FP000006,7690.48,10.00,20255.52,"(7683.891, 10, 20286.66)",38.5,10262.8759765625,8095.921875,7683.890625,20286.662109375,false
640.00,FP000010,6831.25,10.00,563.26,"(6286.982, 10, -631.4398)",38.5,10262.8759765625,8095.921875,6286.982421875,-631.439758300781,false
640.00,FP000024,9677.04,10.00,8710.30,"(10255.97, 10, 8103.159)",10.8,10262.8759765625,8095.921875,9595.0888671875,8796.248046875,false
650.00,FP000003,7438.85,10.00,10172.22,"(10254.82, 10, 8101.845)",33,10262.8759765625,8095.921875,-808.997192382813,16236.2802734375,false
650.00,FP000008,13624.57,10.00,21325.87,"(11984.36, 10, 14870.82)",55,10262.8759765625,8095.921875,13705.83984375,21645.708984375,false
650.00,FP000006,7752.19,10.00,19963.81,"(8973.382, 10, 14191.3)",55,10262.8759765625,8095.921875,7683.890625,20286.662109375,false
650.00,FP000010,6671.64,10.00,212.91,"(6286.982, 10, -631.4398)",38.5,10262.8759765625,8095.921875,6286.982421875,-631.439758300781,false
650.00,FP000024,9751.57,10.00,8632.14,"(10255.97, 10, 8103.159)",10.8,10262.8759765625,8095.921875,9595.0888671875,8796.248046875,false
660.00,FP000003,7704.72,10.00,9976.75,"(10254.82, 10, 8101.845)",33,10262.8759765625,8095.921875,-808.997192382813,16236.2802734375,false
660.00,FP000008,13489.12,10.00,20792.80,"(11984.36, 10, 14870.82)",55,10262.8759765625,8095.921875,13705.83984375,21645.708984375,false
660.00,FP000006,7866.02,10.00,19425.73,"(8973.382, 10, 14191.3)",55,10262.8759765625,8095.921875,7683.890625,20286.662109375,false
660.00,FP000010,6512.03,10.00,-137.45,"(6286.982, 10, -631.4398)",38.5,10262.8759765625,8095.921875,6286.982421875,-631.439758300781,false
660.00,FP000024,9826.10,10.00,8553.98,"(10255.97, 10, 8103.159)",10.8,10262.8759765625,8095.921875,9595.0888671875,8796.248046875,false
670.00,FP000003,7970.60,10.00,9781.27,"(10254.82, 10, 8101.845)",33,10262.8759765625,8095.921875,-808.997192382813,16236.2802734375,false
670.00,FP000008,13353.67,10.00,20259.74,"(11984.36, 10, 14870.82)",55,10262.8759765625,8095.921875,13705.83984375,21645.708984375,false
670.00,FP000006,7979.86,10.00,18887.64,"(8973.382, 10, 14191.3)",55,10262.8759765625,8095.921875,7683.890625,20286.662109375,false
670.00,FP000010,6352.42,10.00,-487.80,"(6286.982, 10, -631.4398)",38.5,10262.8759765625,8095.921875,6286.982421875,-631.439758300781,false
670.00,FP000024,9900.63,10.00,8475.81,"(10255.97, 10, 8103.159)",10.8,10262.8759765625,8095.921875,9595.0888671875,8796.248046875,false
680.00,FP000003,8236.47,10.00,9585.79,"(10254.82, 10, 8101.845)",33,10262.8759765625,8095.921875,-808.997192382813,16236.2802734375,false
680.00,FP000008,13218.22,10.00,19726.67,"(11984.36, 10, 14870.82)",55,10262.8759765625,8095.921875,13705.83984375,21645.708984375,false
680.00,FP000006,8093.69,10.00,18349.56,"(8973.382, 10, 14191.3)",55,10262.8759765625,8095.921875,7683.890625,20286.662109375,false
680.00,FP000010,6328.02,10.00,-541.35,"(10258.73, 10, 8086.821)",33,10262.8759765625,8095.921875,6286.982421875,-631.439758300781,false
680.00,FP000024,9975.16,10.00,8397.65,"(10255.97, 10, 8103.159)",10.8,10262.8759765625,8095.921875,9595.0888671875,8796.248046875,false
690.00,FP000003,8502.34,10.00,9390.31,"(10254.82, 10, 8101.845)",33,10262.8759765625,8095.921875,-808.997192382813,16236.2802734375,false
690.00,FP000008,13082.77,10.00,19193.61,"(11984.36, 10, 14870.82)",55,10262.8759765625,8095.921875,13705.83984375,21645.708984375,false
690.00,FP000006,8207.52,10.00,17811.47,"(8973.382, 10, 14191.3)",55,10262.8759765625,8095.921875,7683.890625,20286.662109375,false
690.00,FP000010,6464.83,10.00,-241.05,"(10258.73, 10, 8086.821)",33,10262.8759765625,8095.921875,6286.982421875,-631.439758300781,false
690.00,FP000024,10049.69,10.00,8319.48,"(10255.97, 10, 8103.159)",10.8,10262.8759765625,8095.921875,9595.0888671875,8796.248046875,false
690.00,FP000021,10277.71,10.00,8370.52,"(10622.48, 10, 14751.66)",55,10262.8759765625,8095.921875,10982.09375,21407.400390625,false
700.00,FP000003,8768.21,10.00,9194.83,"(10254.82, 10, 8101.845)",33,10262.8759765625,8095.921875,-808.997192382813,16236.2802734375,false
700.00,FP000008,12947.33,10.00,18660.54,"(11984.36, 10, 14870.82)",55,10262.8759765625,8095.921875,13705.83984375,21645.708984375,false
700.00,FP000006,8321.36,10.00,17273.38,"(8973.382, 10, 14191.3)",55,10262.8759765625,8095.921875,7683.890625,20286.662109375,false
700.00,FP000010,6601.64,10.00,59.26,"(10258.73, 10, 8086.821)",33,10262.8759765625,8095.921875,6286.982421875,-631.439758300781,false
700.00,FP000024,10124.23,10.00,8241.32,"(10255.97, 10, 8103.159)",10.8,10262.8759765625,8095.921875,9595.0888671875,8796.248046875,false
700.00,FP000021,10307.39,10.00,8919.72,"(10622.48, 10, 14751.66)",55,10262.8759765625,8095.921875,10982.09375,21407.400390625,false
710.00,FP000003,9034.09,10.00,8999.35,"(10254.82, 10, 8101.845)",33,10262.8759765625,8095.921875,-808.997192382813,16236.2802734375,false
710.00,FP000008,12811.88,10.00,18127.47,"(11984.36, 10, 14870.82)",55,10262.8759765625,8095.921875,13705.83984375,21645.708984375,false
710.00,FP000006,8435.20,10.00,16735.30,"(8973.382, 10, 14191.3)",55,10262.8759765625,8095.921875,7683.890625,20286.662109375,false
710.00,FP000010,6738.45,10.00,359.56,"(10258.73, 10, 8086.821)",33,10262.8759765625,8095.921875,6286.982421875,-631.439758300781,false
710.00,FP000024,10198.76,10.00,8163.16,"(10255.97, 10, 8103.159)",10.8,10262.8759765625,8095.921875,9595.0888671875,8796.248046875,false
710.00,FP000021,10337.06,10.00,9468.92,"(10622.48, 10, 14751.66)",55,10262.8759765625,8095.921875,10982.09375,21407.400390625,false
720.00,FP000003,9299.96,10.00,8803.88,"(10254.82, 10, 8101.845)",33,10262.8759765625,8095.921875,-808.997192382813,16236.2802734375,false
720.00,FP000008,12676.43,10.00,17594.41,"(11984.36, 10, 14870.82)",55,10262.8759765625,8095.921875,13705.83984375,21645.708984375,false
720.00,FP000006,8549.03,10.00,16197.21,"(8973.382, 10, 14191.3)",55,10262.8759765625,8095.921875,7683.890625,20286.662109375,false
720.00,FP000010,6875.26,10.00,659.87,"(10258.73, 10, 8086.821)",33,10262.8759765625,8095.921875,6286.982421875,-631.439758300781,false
720.00,FP000021,10366.73,10.00,10018.12,"(10622.48, 10, 14751.66)",55,10262.8759765625,8095.921875,10982.09375,21407.400390625,false
730.00,FP000003,9565.84,10.00,8608.40,"(10254.82, 10, 8101.845)",33,10262.8759765625,8095.921875,-808.997192382813,16236.2802734375,false
730.00,FP000008,12540.98,10.00,17061.34,"(11984.36, 10, 14870.82)",55,10262.8759765625,8095.921875,13705.83984375,21645.708984375,false
730.00,FP000006,8662.87,10.00,15659.11,"(8973.382, 10, 14191.3)",55,10262.8759765625,8095.921875,7683.890625,20286.662109375,false
730.00,FP000010,7012.07,10.00,960.17,"(10258.73, 10, 8086.821)",33,10262.8759765625,8095.921875,6286.982421875,-631.439758300781,false
730.00,FP000021,10396.41,10.00,10567.32,"(10622.48, 10, 14751.66)",55,10262.8759765625,8095.921875,10982.09375,21407.400390625,false
740.00,FP000003,9831.72,10.00,8412.92,"(10254.82, 10, 8101.845)",33,10262.8759765625,8095.921875,-808.997192382813,16236.2802734375,false
740.00,FP000008,12405.53,10.00,16528.27,"(11984.36, 10, 14870.82)",55,10262.8759765625,8095.921875,13705.83984375,21645.708984375,false
740.00,FP000006,8776.70,10.00,15121.02,"(8973.382, 10, 14191.3)",55,10262.8759765625,8095.921875,7683.890625,20286.662109375,false
740.00,FP000010,7148.88,10.00,1260.48,"(10258.73, 10, 8086.821)",33,10262.8759765625,8095.921875,6286.982421875,-631.439758300781,false
740.00,FP000021,10426.08,10.00,11116.52,"(10622.48, 10, 14751.66)",55,10262.8759765625,8095.921875,10982.09375,21407.400390625,false
750.00,FP000003,10097.60,10.00,8217.44,"(10254.82, 10, 8101.845)",33,10262.8759765625,8095.921875,-808.997192382813,16236.2802734375,false
750.00,FP000008,12270.08,10.00,15995.21,"(11984.36, 10, 14870.82)",55,10262.8759765625,8095.921875,13705.83984375,21645.708984375,false
750.00,FP000006,8890.53,10.00,14582.92,"(8973.382, 10, 14191.3)",55,10262.8759765625,8095.921875,7683.890625,20286.662109375,false
750.00,FP000010,7285.69,10.00,1560.78,"(10258.73, 10, 8086.821)",33,10262.8759765625,8095.921875,6286.982421875,-631.439758300781,false
750.00,FP000021,10455.75,10.00,11665.72,"(10622.48, 10, 14751.66)",55,10262.8759765625,8095.921875,10982.09375,21407.400390625,false
760.00,FP000008,12134.62,10.00,15462.16,"(11984.36, 10, 14870.82)",55,10262.8759765625,8095.921875,13705.83984375,21645.708984375,false
760.00,FP000006,8987.04,10.00,14126.73,"(10260.81, 10, 8105.705)",33,10262.8759765625,8095.921875,7683.890625,20286.662109375,false
760.00,FP000010,7422.49,10.00,1861.09,"(10258.73, 10, 8086.821)",33,10262.8759765625,8095.921875,6286.982421875,-631.439758300781,false
760.00,FP000021,10485.43,10.00,12214.92,"(10622.48, 10, 14751.66)",55,10262.8759765625,8095.921875,10982.09375,21407.400390625,false
770.00,FP000008,11999.17,10.00,14929.10,"(11984.36, 10, 14870.82)",55,10262.8759765625,8095.921875,13705.83984375,21645.708984375,false
770.00,FP000006,9055.34,10.00,13803.88,"(10260.81, 10, 8105.705)",33,10262.8759765625,8095.921875,7683.890625,20286.662109375,false
770.00,FP000010,7559.30,10.00,2161.39,"(10258.73, 10, 8086.821)",33,10262.8759765625,8095.921875,6286.982421875,-631.439758300781,false
770.00,FP000021,10515.10,10.00,12764.12,"(10622.48, 10, 14751.66)",55,10262.8759765625,8095.921875,10982.09375,21407.400390625,false
780.00,FP000008,11919.34,10.00,14614.96,"(10265.34, 10, 8105.614)",33,10262.8759765625,8095.921875,13705.83984375,21645.708984375,false
780.00,FP000006,9123.64,10.00,13481.03,"(10260.81, 10, 8105.705)",33,10262.8759765625,8095.921875,7683.890625,20286.662109375,false
780.00,FP000010,7696.11,10.00,2461.70,"(10258.73, 10, 8086.821)",33,10262.8759765625,8095.921875,6286.982421875,-631.439758300781,false
780.00,FP000021,10544.77,10.00,13313.31,"(10622.48, 10, 14751.66)",55,10262.8759765625,8095.921875,10982.09375,21407.400390625,false
790.00,FP000008,11838.07,10.00,14295.12,"(10265.34, 10, 8105.614)",33,10262.8759765625,8095.921875,13705.83984375,21645.708984375,false
790.00,FP000006,9191.94,10.00,13158.17,"(10260.81, 10, 8105.705)",33,10262.8759765625,8095.921875,7683.890625,20286.662109375,false
790.00,FP000010,7832.92,10.00,2762.00,"(10258.73, 10, 8086.821)",33,10262.8759765625,8095.921875,6286.982421875,-631.439758300781,false
790.00,FP000021,10574.44,10.00,13862.51,"(10622.48, 10, 14751.66)",55,10262.8759765625,8095.921875,10982.09375,21407.400390625,false
790.00,FP000002,10194.63,10.00,8131.58,"(2990.795, 10, 11894.9)",38.5,10262.8759765625,8095.921875,2990.79467773438,11894.896484375,false
800.00,FP000008,11756.80,10.00,13975.29,"(10265.34, 10, 8105.614)",33,10262.8759765625,8095.921875,13705.83984375,21645.708984375,false
800.00,FP000006,9260.25,10.00,12835.32,"(10260.81, 10, 8105.705)",33,10262.8759765625,8095.921875,7683.890625,20286.662109375,false
800.00,FP000010,7969.73,10.00,3062.31,"(10258.73, 10, 8086.821)",33,10262.8759765625,8095.921875,6286.982421875,-631.439758300781,false
800.00,FP000021,10604.12,10.00,14411.71,"(10622.48, 10, 14751.66)",55,10262.8759765625,8095.921875,10982.09375,21407.400390625,false
800.00,FP000002,9853.39,10.00,8309.84,"(2990.795, 10, 11894.9)",38.5,10262.8759765625,8095.921875,2990.79467773438,11894.896484375,false
810.00,FP000008,11675.54,10.00,13655.45,"(10265.34, 10, 8105.614)",33,10262.8759765625,8095.921875,13705.83984375,21645.708984375,false
810.00,FP000006,9328.55,10.00,12512.47,"(10260.81, 10, 8105.705)",33,10262.8759765625,8095.921875,7683.890625,20286.662109375,false
810.00,FP000010,8106.54,10.00,3362.61,"(10258.73, 10, 8086.821)",33,10262.8759765625,8095.921875,6286.982421875,-631.439758300781,false
810.00,FP000021,10628.72,10.00,14866.99,"(10982.09, 10, 21407.4)",38.5,10262.8759765625,8095.921875,10982.09375,21407.400390625,false
810.00,FP000002,9512.15,10.00,8488.11,"(2990.795, 10, 11894.9)",38.5,10262.8759765625,8095.921875,2990.79467773438,11894.896484375,false
820.00,FP000008,11594.27,10.00,13335.62,"(10265.34, 10, 8105.614)",33,10262.8759765625,8095.921875,13705.83984375,21645.708984375,false
820.00,FP000006,9396.85,10.00,12189.62,"(10260.81, 10, 8105.705)",33,10262.8759765625,8095.921875,7683.890625,20286.662109375,false
820.00,FP000010,8243.35,10.00,3662.92,"(10258.73, 10, 8086.821)",33,10262.8759765625,8095.921875,6286.982421875,-631.439758300781,false
820.00,FP000021,10649.49,10.00,15251.44,"(10982.09, 10, 21407.4)",38.5,10262.8759765625,8095.921875,10982.09375,21407.400390625,false
820.00,FP000002,9170.91,10.00,8666.37,"(2990.795, 10, 11894.9)",38.5,10262.8759765625,8095.921875,2990.79467773438,11894.896484375,false
830.00,FP000008,11513.00,10.00,13015.79,"(10265.34, 10, 8105.614)",33,10262.8759765625,8095.921875,13705.83984375,21645.708984375,false
830.00,FP000006,9465.15,10.00,11866.77,"(10260.81, 10, 8105.705)",33,10262.8759765625,8095.921875,7683.890625,20286.662109375,false
830.00,FP000010,8380.15,10.00,3963.23,"(10258.73, 10, 8086.821)",33,10262.8759765625,8095.921875,6286.982421875,-631.439758300781,false
830.00,FP000021,10670.26,10.00,15635.88,"(10982.09, 10, 21407.4)",38.5,10262.8759765625,8095.921875,10982.09375,21407.400390625,false
830.00,FP000002,8829.67,10.00,8844.64,"(2990.795, 10, 11894.9)",38.5,10262.8759765625,8095.921875,2990.79467773438,11894.896484375,false
840.00,FP000008,11431.73,10.00,12695.95,"(10265.34, 10, 8105.614)",33,10262.8759765625,8095.921875,13705.83984375,21645.708984375,false
840.00,FP000006,9533.45,10.00,11543.92,"(10260.81, 10, 8105.705)",33,10262.8759765625,8095.921875,7683.890625,20286.662109375,false
840.00,FP000010,8516.96,10.00,4263.53,"(10258.73, 10, 8086.821)",33,10262.8759765625,8095.921875,6286.982421875,-631.439758300781,false
840.00,FP000021,10691.03,10.00,16020.32,"(10982.09, 10, 21407.4)",38.5,10262.8759765625,8095.921875,10982.09375,21407.400390625,false
840.00,FP000002,8488.43,10.00,9022.90,"(2990.795, 10, 11894.9)",38.5,10262.8759765625,8095.921875,2990.79467773438,11894.896484375,false
840.00,FP000018,10178.23,10.00,8073.75,"(6167.477, 10, 7023.198)",17.5,10262.8759765625,8095.921875,6167.4765625,7023.19775390625,false
850.00,FP000008,11350.46,10.00,12376.12,"(10265.34, 10, 8105.614)",33,10262.8759765625,8095.921875,13705.83984375,21645.708984375,false
850.00,FP000006,9601.75,10.00,11221.07,"(10260.81, 10, 8105.705)",33,10262.8759765625,8095.921875,7683.890625,20286.662109375,false
850.00,FP000010,8653.77,10.00,4563.83,"(10258.73, 10, 8086.821)",33,10262.8759765625,8095.921875,6286.982421875,-631.439758300781,false
850.00,FP000021,10711.80,10.00,16404.77,"(10982.09, 10, 21407.4)",38.5,10262.8759765625,8095.921875,10982.09375,21407.400390625,false
850.00,FP000002,8147.19,10.00,9201.17,"(2990.795, 10, 11894.9)",38.5,10262.8759765625,8095.921875,2990.79467773438,11894.896484375,false
850.00,FP000018,10008.95,10.00,8029.41,"(6167.477, 10, 7023.198)",17.5,10262.8759765625,8095.921875,6167.4765625,7023.19775390625,false
860.00,FP000008,11269.19,10.00,12056.28,"(10265.34, 10, 8105.614)",33,10262.8759765625,8095.921875,13705.83984375,21645.708984375,false
860.00,FP000006,9670.05,10.00,10898.21,"(10260.81, 10, 8105.705)",33,10262.8759765625,8095.921875,7683.890625,20286.662109375,false
860.00,FP000010,8790.57,10.00,4864.13,"(10258.73, 10, 8086.821)",33,10262.8759765625,8095.921875,6286.982421875,-631.439758300781,false
860.00,FP000021,10732.57,10.00,16789.20,"(10982.09, 10, 21407.4)",38.5,10262.8759765625,8095.921875,10982.09375,21407.400390625,false
860.00,FP000002,7805.95,10.00,9379.44,"(2990.795, 10, 11894.9)",38.5,10262.8759765625,8095.921875,2990.79467773438,11894.896484375,false
860.00,FP000018,9839.66,10.00,7985.07,"(6167.477, 10, 7023.198)",17.5,10262.8759765625,8095.921875,6167.4765625,7023.19775390625,false
870.00,FP000008,11187.92,10.00,11736.45,"(10265.34, 10, 8105.614)",33,10262.8759765625,8095.921875,13705.83984375,21645.708984375,false
870.00,FP000006,9738.35,10.00,10575.36,"(10260.81, 10, 8105.705)",33,10262.8759765625,8095.921875,7683.890625,20286.662109375,false
870.00,FP000010,8927.38,10.00,5164.44,"(10258.73, 10, 8086.821)",33,10262.8759765625,8095.921875,6286.982421875,-631.439758300781,false
870.00,FP000021,10753.34,10.00,17173.63,"(10982.09, 10, 21407.4)",38.5,10262.8759765625,8095.921875,10982.09375,21407.400390625,false
870.00,FP000002,7464.71,10.00,9557.70,"(2990.795, 10, 11894.9)",38.5,10262.8759765625,8095.921875,2990.79467773438,11894.896484375,false
870.00,FP000018,9670.37,10.00,7940.73,"(6167.477, 10, 7023.198)",17.5,10262.8759765625,8095.921875,6167.4765625,7023.19775390625,false
870.00,FP000011,10262.88,10.00,8095.92,"(4443.032, 10, 13344.01)",38.5,10262.8759765625,8095.921875,4443.03173828125,13344.0107421875,false
880.00,FP000008,11106.65,10.00,11416.62,"(10265.34, 10, 8105.614)",33,10262.8759765625,8095.921875,13705.83984375,21645.708984375,false
880.00,FP000006,9806.65,10.00,10252.51,"(10260.81, 10, 8105.705)",33,10262.8759765625,8095.921875,7683.890625,20286.662109375,false
880.00,FP000010,9064.19,10.00,5464.74,"(10258.73, 10, 8086.821)",33,10262.8759765625,8095.921875,6286.982421875,-631.439758300781,false
880.00,FP000021,10774.12,10.00,17558.07,"(10982.09, 10, 21407.4)",38.5,10262.8759765625,8095.921875,10982.09375,21407.400390625,false
880.00,FP000002,7123.47,10.00,9735.97,"(2990.795, 10, 11894.9)",38.5,10262.8759765625,8095.921875,2990.79467773438,11894.896484375,false
880.00,FP000018,9501.08,10.00,7896.39,"(6167.477, 10, 7023.198)",17.5,10262.8759765625,8095.921875,6167.4765625,7023.19775390625,false
880.00,FP000011,9976.96,10.00,8353.75,"(4443.032, 10, 13344.01)",38.5,10262.8759765625,8095.921875,4443.03173828125,13344.0107421875,false
890.00,FP000008,11025.38,10.00,11096.78,"(10265.34, 10, 8105.614)",33,10262.8759765625,8095.921875,13705.83984375,21645.708984375,false
890.00,FP000006,9874.95,10.00,9929.66,"(10260.81, 10, 8105.705)",33,10262.8759765625,8095.921875,7683.890625,20286.662109375,false
890.00,FP000010,9200.99,10.00,5765.04,"(10258.73, 10, 8086.821)",33,10262.8759765625,8095.921875,6286.982421875,-631.439758300781,false
890.00,FP000021,10794.89,10.00,17942.50,"(10982.09, 10, 21407.4)",38.5,10262.8759765625,8095.921875,10982.09375,21407.400390625,false
890.00,FP000002,6782.23,10.00,9914.23,"(2990.795, 10, 11894.9)",38.5,10262.8759765625,8095.921875,2990.79467773438,11894.896484375,false
890.00,FP000018,9331.80,10.00,7852.05,"(6167.477, 10, 7023.198)",17.5,10262.8759765625,8095.921875,6167.4765625,7023.19775390625,false
890.00,FP000011,9691.04,10.00,8611.58,"(4443.032, 10, 13344.01)",38.5,10262.8759765625,8095.921875,4443.03173828125,13344.0107421875,false
900.00,FP000008,10944.11,10.00,10776.95,"(10265.34, 10, 8105.614)",33,10262.8759765625,8095.921875,13705.83984375,21645.708984375,false
900.00,FP000006,9943.25,10.00,9606.81,"(10260.81, 10, 8105.705)",33,10262.8759765625,8095.921875,7683.890625,20286.662109375,false
900.00,FP000010,9337.80,10.00,6065.35,"(10258.73, 10, 8086.821)",33,10262.8759765625,8095.921875,6286.982421875,-631.439758300781,false
900.00,FP000021,10815.66,10.00,18326.94,"(10982.09, 10, 21407.4)",38.5,10262.8759765625,8095.921875,10982.09375,21407.400390625,false
900.00,FP000002,6440.99,10.00,10092.50,"(2990.795, 10, 11894.9)",38.5,10262.8759765625,8095.921875,2990.79467773438,11894.896484375,false
900.00,FP000018,9162.51,10.00,7807.71,"(6167.477, 10, 7023.198)",17.5,10262.8759765625,8095.921875,6167.4765625,7023.19775390625,false
900.00,FP000011,9405.12,10.00,8869.42,"(4443.032, 10, 13344.01)",38.5,10262.8759765625,8095.921875,4443.03173828125,13344.0107421875,false
910.00,FP000008,10862.84,10.00,10457.11,"(10265.34, 10, 8105.614)",33,10262.8759765625,8095.921875,13705.83984375,21645.708984375,false
910.00,FP000006,10011.55,10.00,9283.96,"(10260.81, 10, 8105.705)",33,10262.8759765625,8095.921875,7683.890625,20286.662109375,false
910.00,FP000010,9474.61,10.00,6365.65,"(10258.73, 10, 8086.821)",33,10262.8759765625,8095.921875,6286.982421875,-631.439758300781,false
910.00,FP000021,10836.43,10.00,18711.37,"(10982.09, 10, 21407.4)",38.5,10262.8759765625,8095.921875,10982.09375,21407.400390625,false
910.00,FP000002,6099.75,10.00,10270.76,"(2990.795, 10, 11894.9)",38.5,10262.8759765625,8095.921875,2990.79467773438,11894.896484375,false
910.00,FP000018,8993.22,10.00,7763.37,"(6167.477, 10, 7023.198)",17.5,10262.8759765625,8095.921875,6167.4765625,7023.19775390625,false
910.00,FP000011,9119.20,10.00,9127.25,"(4443.032, 10, 13344.01)",38.5,10262.8759765625,8095.921875,4443.03173828125,13344.0107421875,false
920.00,FP000008,10781.57,10.00,10137.28,"(10265.34, 10, 8105.614)",33,10262.8759765625,8095.921875,13705.83984375,21645.708984375,false
920.00,FP000006,10079.85,10.00,8961.10,"(10260.81, 10, 8105.705)",33,10262.8759765625,8095.921875,7683.890625,20286.662109375,false
920.00,FP000010,9611.42,10.00,6665.95,"(10258.73, 10, 8086.821)",33,10262.8759765625,8095.921875,6286.982421875,-631.439758300781,false
920.00,FP000021,10857.20,10.00,19095.80,"(10982.09, 10, 21407.4)",38.5,10262.8759765625,8095.921875,10982.09375,21407.400390625,false
920.00,FP000002,5758.50,10.00,10449.03,"(2990.795, 10, 11894.9)",38.5,10262.8759765625,8095.921875,2990.79467773438,11894.896484375,false
920.00,FP000018,8823.94,10.00,7719.02,"(6167.477, 10, 7023.198)",17.5,10262.8759765625,8095.921875,6167.4765625,7023.19775390625,false
920.00,FP000011,8833.29,10.00,9385.08,"(4443.032, 10, 13344.01)",38.5,10262.8759765625,8095.921875,4443.03173828125,13344.0107421875,false
920.00,FP000022,10246.95,10.00,7826.89,"(9766.533, 10, -287.5588)",38.5,10262.8759765625,8095.921875,9766.533203125,-287.558776855469,false
930.00,FP000008,10700.30,10.00,9817.45,"(10265.34, 10, 8105.614)",33,10262.8759765625,8095.921875,13705.83984375,21645.708984375,false
930.00,FP000006,10148.15,10.00,8638.25,"(10260.81, 10, 8105.705)",33,10262.8759765625,8095.921875,7683.890625,20286.662109375,false
930.00,FP000010,9748.23,10.00,6966.25,"(10258.73, 10, 8086.821)",33,10262.8759765625,8095.921875,6286.982421875,-631.439758300781,false
930.00,FP000021,10877.97,10.00,19480.24,"(10982.09, 10, 21407.4)",38.5,10262.8759765625,8095.921875,10982.09375,21407.400390625,false
930.00,FP000002,5417.26,10.00,10627.30,"(2990.795, 10, 11894.9)",38.5,10262.8759765625,8095.921875,2990.79467773438,11894.896484375,false
930.00,FP000018,8654.65,10.00,7674.68,"(6167.477, 10, 7023.198)",17.5,10262.8759765625,8095.921875,6167.4765625,7023.19775390625,false
930.00,FP000011,8547.37,10.00,9642.91,"(4443.032, 10, 13344.01)",38.5,10262.8759765625,8095.921875,4443.03173828125,13344.0107421875,false
930.00,FP000022,10224.19,10.00,7442.57,"(9766.533, 10, -287.5588)",38.5,10262.8759765625,8095.921875,9766.533203125,-287.558776855469,false
940.00,FP000008,10619.03,10.00,9497.61,"(10265.34, 10, 8105.614)",33,10262.8759765625,8095.921875,13705.83984375,21645.708984375,false
940.00,FP000006,10216.45,10.00,8315.40,"(10260.81, 10, 8105.705)",33,10262.8759765625,8095.921875,7683.890625,20286.662109375,false
940.00,FP000010,9885.04,10.00,7266.56,"(10258.73, 10, 8086.821)",33,10262.8759765625,8095.921875,6286.982421875,-631.439758300781,false
940.00,FP000021,10898.75,10.00,19864.67,"(10982.09, 10, 21407.4)",38.5,10262.8759765625,8095.921875,10982.09375,21407.400390625,false
940.00,FP000002,5076.02,10.00,10805.56,"(2990.795, 10, 11894.9)",38.5,10262.8759765625,8095.921875,2990.79467773438,11894.896484375,false
940.00,FP000018,8485.36,10.00,7630.34,"(6167.477, 10, 7023.198)",17.5,10262.8759765625,8095.921875,6167.4765625,7023.19775390625,false
940.00,FP000011,8261.45,10.00,9900.74,"(4443.032, 10, 13344.01)",38.5,10262.8759765625,8095.921875,4443.03173828125,13344.0107421875,false
940.00,FP000022,10201.44,10.00,7058.24,"(9766.533, 10, -287.5588)",38.5,10262.8759765625,8095.921875,9766.533203125,-287.558776855469,false
950.00,FP000008,10537.76,10.00,9177.78,"(10265.34, 10, 8105.614)",33,10262.8759765625,8095.921875,13705.83984375,21645.708984375,false
950.00,FP000010,10021.85,10.00,7566.86,"(10258.73, 10, 8086.821)",33,10262.8759765625,8095.921875,6286.982421875,-631.439758300781,false
950.00,FP000021,10919.52,10.00,20249.10,"(10982.09, 10, 21407.4)",38.5,10262.8759765625,8095.921875,10982.09375,21407.400390625,false
950.00,FP000002,4734.78,10.00,10983.83,"(2990.795, 10, 11894.9)",38.5,10262.8759765625,8095.921875,2990.79467773438,11894.896484375,false
950.00,FP000018,8316.07,10.00,7586.00,"(6167.477, 10, 7023.198)",17.5,10262.8759765625,8095.921875,6167.4765625,7023.19775390625,false
950.00,FP000011,7975.53,10.00,10158.58,"(4443.032, 10, 13344.01)",38.5,10262.8759765625,8095.921875,4443.03173828125,13344.0107421875,false
950.00,FP000022,10178.69,10.00,6673.92,"(9766.533, 10, -287.5588)",38.5,10262.8759765625,8095.921875,9766.533203125,-287.558776855469,false
960.00,FP000008,10456.49,10.00,8857.94,"(10265.34, 10, 8105.614)",33,10262.8759765625,8095.921875,13705.83984375,21645.708984375,false
960.00,FP000010,10158.66,10.00,7867.16,"(10258.73, 10, 8086.821)",33,10262.8759765625,8095.921875,6286.982421875,-631.439758300781,false
960.00,FP000021,10940.29,10.00,20633.54,"(10982.09, 10, 21407.4)",38.5,10262.8759765625,8095.921875,10982.09375,21407.400390625,false
960.00,FP000002,4393.54,10.00,11162.09,"(2990.795, 10, 11894.9)",38.5,10262.8759765625,8095.921875,2990.79467773438,11894.896484375,false
960.00,FP000018,8146.79,10.00,7541.66,"(6167.477, 10, 7023.198)",17.5,10262.8759765625,8095.921875,6167.4765625,7023.19775390625,false
960.00,FP000011,7689.61,10.00,10416.41,"(4443.032, 10, 13344.01)",38.5,10262.8759765625,8095.921875,4443.03173828125,13344.0107421875,false
960.00,FP000022,10155.93,10.00,6289.59,"(9766.533, 10, -287.5588)",38.5,10262.8759765625,8095.921875,9766.533203125,-287.558776855469,false
970.00,FP000008,10375.23,10.00,8538.11,"(10265.34, 10, 8105.614)",33,10262.8759765625,8095.921875,13705.83984375,21645.708984375,false
970.00,FP000021,10961.06,10.00,21017.97,"(10982.09, 10, 21407.4)",38.5,10262.8759765625,8095.921875,10982.09375,21407.400390625,false
970.00,FP000002,4052.30,10.00,11340.36,"(2990.795, 10, 11894.9)",38.5,10262.8759765625,8095.921875,2990.79467773438,11894.896484375,false
970.00,FP000018,7977.50,10.00,7497.31,"(6167.477, 10, 7023.198)",17.5,10262.8759765625,8095.921875,6167.4765625,7023.19775390625,false
970.00,FP000011,7403.70,10.00,10674.24,"(4443.032, 10, 13344.01)",38.5,10262.8759765625,8095.921875,4443.03173828125,13344.0107421875,false
970.00,FP000022,10133.18,10.00,5905.26,"(9766.533, 10, -287.5588)",38.5,10262.8759765625,8095.921875,9766.533203125,-287.558776855469,false
980.00,FP000008,10293.96,10.00,8218.28,"(10265.34, 10, 8105.614)",33,10262.8759765625,8095.921875,13705.83984375,21645.708984375,false
980.00,FP000021,10981.82,10.00,21402.40,"(10982.09, 10, 21407.4)",38.5,10262.8759765625,8095.921875,10982.09375,21407.400390625,false
980.00,FP000002,3711.06,10.00,11518.63,"(2990.795, 10, 11894.9)",38.5,10262.8759765625,8095.921875,2990.79467773438,11894.896484375,false
980.00,FP000018,7808.21,10.00,7452.97,"(6167.477, 10, 7023.198)",17.5,10262.8759765625,8095.921875,6167.4765625,7023.19775390625,false
980.00,FP000011,7117.78,10.00,10932.07,"(4443.032, 10, 13344.01)",38.5,10262.8759765625,8095.921875,4443.03173828125,13344.0107421875,false
980.00,FP000022,10110.42,10.00,5520.94,"(9766.533, 10, -287.5588)",38.5,10262.8759765625,8095.921875,9766.533203125,-287.558776855469,false
990.00,FP000021,10964.29,10.00,21077.88,"(10622.49, 10, 14751.67)",55,10262.8759765625,8095.921875,10982.09375,21407.400390625,false
990.00,FP000002,3369.82,10.00,11696.89,"(2990.795, 10, 11894.9)",38.5,10262.8759765625,8095.921875,2990.79467773438,11894.896484375,false
990.00,FP000018,7638.93,10.00,7408.63,"(6167.477, 10, 7023.198)",17.5,10262.8759765625,8095.921875,6167.4765625,7023.19775390625,false
990.00,FP000011,6831.86,10.00,11189.89,"(4443.032, 10, 13344.01)",38.5,10262.8759765625,8095.921875,4443.03173828125,13344.0107421875,false
990.00,FP000022,10087.67,10.00,5136.61,"(9766.533, 10, -287.5588)",38.5,10262.8759765625,8095.921875,9766.533203125,-287.558776855469,false
1000.00,FP000021,10934.61,10.00,20528.68,"(10622.49, 10, 14751.67)",55,10262.8759765625,8095.921875,10982.09375,21407.400390625,false
1000.00,FP000002,3028.58,10.00,11875.16,"(2990.795, 10, 11894.9)",38.5,10262.8759765625,8095.921875,2990.79467773438,11894.896484375,false
1000.00,FP000018,7469.64,10.00,7364.28,"(6167.477, 10, 7023.198)",17.5,10262.8759765625,8095.921875,6167.4765625,7023.19775390625,false
1000.00,FP000011,6545.94,10.00,11447.72,"(4443.032, 10, 13344.01)",38.5,10262.8759765625,8095.921875,4443.03173828125,13344.0107421875,false
1000.00,FP000022,10064.92,10.00,4752.28,"(9766.533, 10, -287.5588)",38.5,10262.8759765625,8095.921875,9766.533203125,-287.558776855469,false
1010.00,FP000021,10904.94,10.00,19979.48,"(10622.49, 10, 14751.67)",55,10262.8759765625,8095.921875,10982.09375,21407.400390625,false
1010.00,FP000002,3166.29,10.00,11803.22,"(10254.01, 10, 8100.552)",33,10262.8759765625,8095.921875,2990.79467773438,11894.896484375,false
1010.00,FP000018,7300.35,10.00,7319.94,"(6167.477, 10, 7023.198)",17.5,10262.8759765625,8095.921875,6167.4765625,7023.19775390625,false
1010.00,FP000011,6260.02,10.00,11705.54,"(4443.032, 10, 13344.01)",38.5,10262.8759765625,8095.921875,4443.03173828125,13344.0107421875,false
1010.00,FP000022,10042.16,10.00,4367.96,"(9766.533, 10, -287.5588)",38.5,10262.8759765625,8095.921875,9766.533203125,-287.558776855469,false
1020.00,FP000021,10875.27,10.00,19430.29,"(10622.49, 10, 14751.67)",55,10262.8759765625,8095.921875,10982.09375,21407.400390625,false
1020.00,FP000002,3458.78,10.00,11650.42,"(10254.01, 10, 8100.552)",33,10262.8759765625,8095.921875,2990.79467773438,11894.896484375,false
1020.00,FP000018,7131.06,10.00,7275.60,"(6167.477, 10, 7023.198)",17.5,10262.8759765625,8095.921875,6167.4765625,7023.19775390625,false
1020.00,FP000011,5974.11,10.00,11963.37,"(4443.032, 10, 13344.01)",38.5,10262.8759765625,8095.921875,4443.03173828125,13344.0107421875,false
1020.00,FP000022,10019.41,10.00,3983.63,"(9766.533, 10, -287.5588)",38.5,10262.8759765625,8095.921875,9766.533203125,-287.558776855469,false
1030.00,FP000021,10845.59,10.00,18881.09,"(10622.49, 10, 14751.67)",55,10262.8759765625,8095.921875,10982.09375,21407.400390625,false
1030.00,FP000002,3751.27,10.00,11497.61,"(10254.01, 10, 8100.552)",33,10262.8759765625,8095.921875,2990.79467773438,11894.896484375,false
1030.00,FP000018,6961.78,10.00,7231.26,"(6167.477, 10, 7023.198)",17.5,10262.8759765625,8095.921875,6167.4765625,7023.19775390625,false
1030.00,FP000011,5688.19,10.00,12221.20,"(4443.032, 10, 13344.01)",38.5,10262.8759765625,8095.921875,4443.03173828125,13344.0107421875,false
1030.00,FP000022,9996.66,10.00,3599.31,"(9766.533, 10, -287.5588)",38.5,10262.8759765625,8095.921875,9766.533203125,-287.558776855469,false
1040.00,FP000021,10815.92,10.00,18331.89,"(10622.49, 10, 14751.67)",55,10262.8759765625,8095.921875,10982.09375,21407.400390625,false
1040.00,FP000002,4043.76,10.00,11344.81,"(10254.01, 10, 8100.552)",33,10262.8759765625,8095.921875,2990.79467773438,11894.896484375,false
1040.00,FP000018,6792.49,10.00,7186.91,"(6167.477, 10, 7023.198)",17.5,10262.8759765625,8095.921875,6167.4765625,7023.19775390625,false
1040.00,FP000011,5402.27,10.00,12479.02,"(4443.032, 10, 13344.01)",38.5,10262.8759765625,8095.921875,4443.03173828125,13344.0107421875,false
1040.00,FP000022,9973.90,10.00,3214.98,"(9766.533, 10, -287.5588)",38.5,10262.8759765625,8095.921875,9766.533203125,-287.558776855469,false
1050.00,FP000021,10786.25,10.00,17782.69,"(10622.49, 10, 14751.67)",55,10262.8759765625,8095.921875,10982.09375,21407.400390625,false
1050.00,FP000002,4336.26,10.00,11192.01,"(10254.01, 10, 8100.552)",33,10262.8759765625,8095.921875,2990.79467773438,11894.896484375,false
1050.00,FP000018,6623.20,10.00,7142.57,"(6167.477, 10, 7023.198)",17.5,10262.8759765625,8095.921875,6167.4765625,7023.19775390625,false
1050.00,FP000011,5116.35,10.00,12736.85,"(4443.032, 10, 13344.01)",38.5,10262.8759765625,8095.921875,4443.03173828125,13344.0107421875,false
1050.00,FP000022,9951.15,10.00,2830.65,"(9766.533, 10, -287.5588)",38.5,10262.8759765625,8095.921875,9766.533203125,-287.558776855469,false
1060.00,FP000021,10756.58,10.00,17233.49,"(10622.49, 10, 14751.67)",55,10262.8759765625,8095.921875,10982.09375,21407.400390625,false
1060.00,FP000002,4628.75,10.00,11039.20,"(10254.01, 10, 8100.552)",33,10262.8759765625,8095.921875,2990.79467773438,11894.896484375,false
1060.00,FP000018,6453.92,10.00,7098.23,"(6167.477, 10, 7023.198)",17.5,10262.8759765625,8095.921875,6167.4765625,7023.19775390625,false
1060.00,FP000011,4830.43,10.00,12994.67,"(4443.032, 10, 13344.01)",38.5,10262.8759765625,8095.921875,4443.03173828125,13344.0107421875,false
1060.00,FP000022,9928.39,10.00,2446.33,"(9766.533, 10, -287.5588)",38.5,10262.8759765625,8095.921875,9766.533203125,-287.558776855469,false
1070.00,FP000021,10726.90,10.00,16684.29,"(10622.49, 10, 14751.67)",55,10262.8759765625,8095.921875,10982.09375,21407.400390625,false
1070.00,FP000002,4921.25,10.00,10886.40,"(10254.01, 10, 8100.552)",33,10262.8759765625,8095.921875,2990.79467773438,11894.896484375,false
1070.00,FP000018,6284.63,10.00,7053.88,"(6167.477, 10, 7023.198)",17.5,10262.8759765625,8095.921875,6167.4765625,7023.19775390625,false
1070.00,FP000011,4544.52,10.00,13252.50,"(4443.032, 10, 13344.01)",38.5,10262.8759765625,8095.921875,4443.03173828125,13344.0107421875,false
1070.00,FP000022,9905.64,10.00,2062.00,"(9766.533, 10, -287.5588)",38.5,10262.8759765625,8095.921875,9766.533203125,-287.558776855469,false
1080.00,FP000021,10697.23,10.00,16135.09,"(10622.49, 10, 14751.67)",55,10262.8759765625,8095.921875,10982.09375,21407.400390625,false
1080.00,FP000002,5213.74,10.00,10733.60,"(10254.01, 10, 8100.552)",33,10262.8759765625,8095.921875,2990.79467773438,11894.896484375,false
1080.00,FP000018,6167.47,10.00,7023.19,"(10253.2, 10, 8093.388)",15,10262.8759765625,8095.921875,6167.4765625,7023.19775390625,false
1080.00,FP000011,4516.55,10.00,13277.72,"(10255.45, 10, 8102.619)",33,10262.8759765625,8095.921875,4443.03173828125,13344.0107421875,false
1080.00,FP000022,9882.89,10.00,1677.67,"(9766.533, 10, -287.5588)",38.5,10262.8759765625,8095.921875,9766.533203125,-287.558776855469,false
1090.00,FP000021,10667.56,10.00,15585.89,"(10622.49, 10, 14751.67)",55,10262.8759765625,8095.921875,10982.09375,21407.400390625,false
1090.00,FP000002,5506.24,10.00,10580.80,"(10254.01, 10, 8100.552)",33,10262.8759765625,8095.921875,2990.79467773438,11894.896484375,false
1090.00,FP000018,6312.57,10.00,7061.20,"(10253.2, 10, 8093.388)",15,10262.8759765625,8095.921875,6167.4765625,7023.19775390625,false
1090.00,FP000011,4761.62,10.00,13056.72,"(10255.45, 10, 8102.619)",33,10262.8759765625,8095.921875,4443.03173828125,13344.0107421875,false
1090.00,FP000022,9860.13,10.00,1293.35,"(9766.533, 10, -287.5588)",38.5,10262.8759765625,8095.921875,9766.533203125,-287.558776855469,false
1100.00,FP000021,10637.88,10.00,15036.69,"(10622.49, 10, 14751.67)",55,10262.8759765625,8095.921875,10982.09375,21407.400390625,false
1100.00,FP000002,5798.73,10.00,10427.99,"(10254.01, 10, 8100.552)",33,10262.8759765625,8095.921875,2990.79467773438,11894.896484375,false
1100.00,FP000018,6457.67,10.00,7099.21,"(10253.2, 10, 8093.388)",15,10262.8759765625,8095.921875,6167.4765625,7023.19775390625,false
1100.00,FP000011,5006.70,10.00,12835.72,"(10255.45, 10, 8102.619)",33,10262.8759765625,8095.921875,4443.03173828125,13344.0107421875,false
1100.00,FP000022,9837.38,10.00,909.02,"(9766.533, 10, -287.5588)",38.5,10262.8759765625,8095.921875,9766.533203125,-287.558776855469,false
1110.00,FP000021,10615.36,10.00,14619.86,"(10263.42, 10, 8105.907)",33,10262.8759765625,8095.921875,10982.09375,21407.400390625,false
1110.00,FP000002,6091.23,10.00,10275.19,"(10254.01, 10, 8100.552)",33,10262.8759765625,8095.921875,2990.79467773438,11894.896484375,false
1110.00,FP000018,6602.77,10.00,7137.22,"(10253.2, 10, 8093.388)",15,10262.8759765625,8095.921875,6167.4765625,7023.19775390625,false
1110.00,FP000011,5251.77,10.00,12614.73,"(10255.45, 10, 8102.619)",33,10262.8759765625,8095.921875,4443.03173828125,13344.0107421875,false
1110.00,FP000022,9814.62,10.00,524.69,"(9766.533, 10, -287.5588)",38.5,10262.8759765625,8095.921875,9766.533203125,-287.558776855469,false
1120.00,FP000021,10597.56,10.00,14290.34,"(10263.42, 10, 8105.907)",33,10262.8759765625,8095.921875,10982.09375,21407.400390625,false
1120.00,FP000002,6383.72,10.00,10122.39,"(10254.01, 10, 8100.552)",33,10262.8759765625,8095.921875,2990.79467773438,11894.896484375,false
1120.00,FP000018,6747.88,10.00,7175.23,"(10253.2, 10, 8093.388)",15,10262.8759765625,8095.921875,6167.4765625,7023.19775390625,false
1120.00,FP000011,5496.84,10.00,12393.73,"(10255.45, 10, 8102.619)",33,10262.8759765625,8095.921875,4443.03173828125,13344.0107421875,false
1120.00,FP000022,9791.87,10.00,140.37,"(9766.533, 10, -287.5588)",38.5,10262.8759765625,8095.921875,9766.533203125,-287.558776855469,false
1130.00,FP000021,10579.76,10.00,13960.82,"(10263.42, 10, 8105.907)",33,10262.8759765625,8095.921875,10982.09375,21407.400390625,false
1130.00,FP000002,6676.22,10.00,9969.58,"(10254.01, 10, 8100.552)",33,10262.8759765625,8095.921875,2990.79467773438,11894.896484375,false
1130.00,FP000018,6892.98,10.00,7213.23,"(10253.2, 10, 8093.388)",15,10262.8759765625,8095.921875,6167.4765625,7023.19775390625,false
1130.00,FP000011,5741.92,10.00,12172.74,"(10255.45, 10, 8102.619)",33,10262.8759765625,8095.921875,4443.03173828125,13344.0107421875,false
1130.00,FP000022,9769.12,10.00,-243.96,"(9766.533, 10, -287.5588)",38.5,10262.8759765625,8095.921875,9766.533203125,-287.558776855469,false
1140.00,FP000021,10561.96,10.00,13631.29,"(10263.42, 10, 8105.907)",33,10262.8759765625,8095.921875,10982.09375,21407.400390625,false
1140.00,FP000002,6968.71,10.00,9816.78,"(10254.01, 10, 8100.552)",33,10262.8759765625,8095.921875,2990.79467773438,11894.896484375,false
1140.00,FP000018,7038.08,10.00,7251.24,"(10253.2, 10, 8093.388)",15,10262.8759765625,8095.921875,6167.4765625,7023.19775390625,false
1140.00,FP000011,5986.99,10.00,11951.74,"(10255.45, 10, 8102.619)",33,10262.8759765625,8095.921875,4443.03173828125,13344.0107421875,false
1140.00,FP000022,9776.28,10.00,-122.85,"(10262.29, 10, 8085.939)",33,10262.8759765625,8095.921875,9766.533203125,-287.558776855469,false
1150.00,FP000021,10544.15,10.00,13301.77,"(10263.42, 10, 8105.907)",33,10262.8759765625,8095.921875,10982.09375,21407.400390625,false
1150.00,FP000002,7261.21,10.00,9663.98,"(10254.01, 10, 8100.552)",33,10262.8759765625,8095.921875,2990.79467773438,11894.896484375,false
1150.00,FP000018,7183.18,10.00,7289.25,"(10253.2, 10, 8093.388)",15,10262.8759765625,8095.921875,6167.4765625,7023.19775390625,false
1150.00,FP000011,6232.06,10.00,11730.74,"(10255.45, 10, 8102.619)",33,10262.8759765625,8095.921875,4443.03173828125,13344.0107421875,false
1150.00,FP000022,9795.79,10.00,206.57,"(10262.29, 10, 8085.939)",33,10262.8759765625,8095.921875,9766.533203125,-287.558776855469,false
1160.00,FP000021,10526.35,10.00,12972.25,"(10263.42, 10, 8105.907)",33,10262.8759765625,8095.921875,10982.09375,21407.400390625,false
1160.00,FP000002,7553.70,10.00,9511.18,"(10254.01, 10, 8100.552)",33,10262.8759765625,8095.921875,2990.79467773438,11894.896484375,false
1160.00,FP000018,7328.29,10.00,7327.26,"(10253.2, 10, 8093.388)",15,10262.8759765625,8095.921875,6167.4765625,7023.19775390625,false
1160.00,FP000011,6477.13,10.00,11509.75,"(10255.45, 10, 8102.619)",33,10262.8759765625,8095.921875,4443.03173828125,13344.0107421875,false
1160.00,FP000022,9815.29,10.00,535.99,"(10262.29, 10, 8085.939)",33,10262.8759765625,8095.921875,9766.533203125,-287.558776855469,false
1170.00,FP000021,10508.55,10.00,12642.73,"(10263.42, 10, 8105.907)",33,10262.8759765625,8095.921875,10982.09375,21407.400390625,false
1170.00,FP000002,7846.20,10.00,9358.38,"(10254.01, 10, 8100.552)",33,10262.8759765625,8095.921875,2990.79467773438,11894.896484375,false
1170.00,FP000018,7473.39,10.00,7365.27,"(10253.2, 10, 8093.388)",15,10262.8759765625,8095.921875,6167.4765625,7023.19775390625,false
1170.00,FP000011,6722.21,10.00,11288.75,"(10255.45, 10, 8102.619)",33,10262.8759765625,8095.921875,4443.03173828125,13344.0107421875,false
1170.00,FP000022,9834.79,10.00,865.42,"(10262.29, 10, 8085.939)",33,10262.8759765625,8095.921875,9766.533203125,-287.558776855469,false
1180.00,FP000021,10490.75,10.00,12313.21,"(10263.42, 10, 8105.907)",33,10262.8759765625,8095.921875,10982.09375,21407.400390625,false
1180.00,FP000002,8138.69,10.00,9205.59,"(10254.01, 10, 8100.552)",33,10262.8759765625,8095.921875,2990.79467773438,11894.896484375,false
1180.00,FP000018,7618.49,10.00,7403.27,"(10253.2, 10, 8093.388)",15,10262.8759765625,8095.921875,6167.4765625,7023.19775390625,false
1180.00,FP000011,6967.28,10.00,11067.76,"(10255.45, 10, 8102.619)",33,10262.8759765625,8095.921875,4443.03173828125,13344.0107421875,false
1180.00,FP000022,9854.29,10.00,1194.84,"(10262.29, 10, 8085.939)",33,10262.8759765625,8095.921875,9766.533203125,-287.558776855469,false
1190.00,FP000021,10472.94,10.00,11983.69,"(10263.42, 10, 8105.907)",33,10262.8759765625,8095.921875,10982.09375,21407.400390625,false
1190.00,FP000002,8431.19,10.00,9052.79,"(10254.01, 10, 8100.552)",33,10262.8759765625,8095.921875,2990.79467773438,11894.896484375,false
1190.00,FP000018,7763.59,10.00,7441.28,"(10253.2, 10, 8093.388)",15,10262.8759765625,8095.921875,6167.4765625,7023.19775390625,false
1190.00,FP000011,7212.35,10.00,10846.76,"(10255.45, 10, 8102.619)",33,10262.8759765625,8095.921875,4443.03173828125,13344.0107421875,false
1190.00,FP000022,9873.79,10.00,1524.26,"(10262.29, 10, 8085.939)",33,10262.8759765625,8095.921875,9766.533203125,-287.558776855469,false
1200.00,FP000021,10455.14,10.00,11654.17,"(10263.42, 10, 8105.907)",33,10262.8759765625,8095.921875,10982.09375,21407.400390625,false
1200.00,FP000002,8723.68,10.00,8899.99,"(10254.01, 10, 8100.552)",33,10262.8759765625,8095.921875,2990.79467773438,11894.896484375,false
1200.00,FP000018,7908.70,10.00,7479.29,"(10253.2, 10, 8093.388)",15,10262.8759765625,8095.921875,6167.4765625,7023.19775390625,false
1200.00,FP000011,7457.43,10.00,10625.76,"(10255.45, 10, 8102.619)",33,10262.8759765625,8095.921875,4443.03173828125,13344.0107421875,false
1200.00,FP000022,9893.30,10.00,1853.69,"(10262.29, 10, 8085.939)",33,10262.8759765625,8095.921875,9766.533203125,-287.558776855469,false
1210.00,FP000021,10437.34,10.00,11324.64,"(10263.42, 10, 8105.907)",33,10262.8759765625,8095.921875,10982.09375,21407.400390625,false
1210.00,FP000002,9016.17,10.00,8747.20,"(10254.01, 10, 8100.552)",33,10262.8759765625,8095.921875,2990.79467773438,11894.896484375,false
1210.00,FP000018,8053.80,10.00,7517.30,"(10253.2, 10, 8093.388)",15,10262.8759765625,8095.921875,6167.4765625,7023.19775390625,false
1210.00,FP000011,7702.50,10.00,10404.77,"(10255.45, 10, 8102.619)",33,10262.8759765625,8095.921875,4443.03173828125,13344.0107421875,false
1210.00,FP000022,9912.80,10.00,2183.11,"(10262.29, 10, 8085.939)",33,10262.8759765625,8095.921875,9766.533203125,-287.558776855469,false
1210.00,FP000004,10283.50,10.00,7904.53,"(11087.35, 10, 443.4938)",38.5,10262.8759765625,8095.921875,11087.353515625,443.493804931641,false
1220.00,FP000021,10419.53,10.00,10995.12,"(10263.42, 10, 8105.907)",33,10262.8759765625,8095.921875,10982.09375,21407.400390625,false
1220.00,FP000002,9308.66,10.00,8594.40,"(10254.01, 10, 8100.552)",33,10262.8759765625,8095.921875,2990.79467773438,11894.896484375,false
1220.00,FP000018,8198.90,10.00,7555.30,"(10253.2, 10, 8093.388)",15,10262.8759765625,8095.921875,6167.4765625,7023.19775390625,false
1220.00,FP000011,7947.57,10.00,10183.77,"(10255.45, 10, 8102.619)",33,10262.8759765625,8095.921875,4443.03173828125,13344.0107421875,false
1220.00,FP000022,9932.30,10.00,2512.53,"(10262.29, 10, 8085.939)",33,10262.8759765625,8095.921875,9766.533203125,-287.558776855469,false
1220.00,FP000004,10324.74,10.00,7521.75,"(11087.35, 10, 443.4938)",38.5,10262.8759765625,8095.921875,11087.353515625,443.493804931641,false
1230.00,FP000021,10401.73,10.00,10665.60,"(10263.42, 10, 8105.907)",33,10262.8759765625,8095.921875,10982.09375,21407.400390625,false
1230.00,FP000002,9601.15,10.00,8441.61,"(10254.01, 10, 8100.552)",33,10262.8759765625,8095.921875,2990.79467773438,11894.896484375,false
1230.00,FP000018,8344.01,10.00,7593.31,"(10253.2, 10, 8093.388)",15,10262.8759765625,8095.921875,6167.4765625,7023.19775390625,false
1230.00,FP000011,8192.65,10.00,9962.78,"(10255.45, 10, 8102.619)",33,10262.8759765625,8095.921875,4443.03173828125,13344.0107421875,false
1230.00,FP000022,9951.80,10.00,2841.96,"(10262.29, 10, 8085.939)",33,10262.8759765625,8095.921875,9766.533203125,-287.558776855469,false
1230.00,FP000004,10365.98,10.00,7138.96,"(11087.35, 10, 443.4938)",38.5,10262.8759765625,8095.921875,11087.353515625,443.493804931641,false
1240.00,FP000021,10383.93,10.00,10336.08,"(10263.42, 10, 8105.907)",33,10262.8759765625,8095.921875,10982.09375,21407.400390625,false
1240.00,FP000002,9893.64,10.00,8288.81,"(10254.01, 10, 8100.552)",33,10262.8759765625,8095.921875,2990.79467773438,11894.896484375,false
1240.00,FP000018,8489.12,10.00,7631.32,"(10253.2, 10, 8093.388)",15,10262.8759765625,8095.921875,6167.4765625,7023.19775390625,false
1240.00,FP000011,8437.72,10.00,9741.78,"(10255.45, 10, 8102.619)",33,10262.8759765625,8095.921875,4443.03173828125,13344.0107421875,false
1240.00,FP000022,9971.30,10.00,3171.38,"(10262.29, 10, 8085.939)",33,10262.8759765625,8095.921875,9766.533203125,-287.558776855469,false
1240.00,FP000004,10407.22,10.00,6756.18,"(11087.35, 10, 443.4938)",38.5,10262.8759765625,8095.921875,11087.353515625,443.493804931641,false
1250.00,FP000021,10366.13,10.00,10006.56,"(10263.42, 10, 8105.907)",33,10262.8759765625,8095.921875,10982.09375,21407.400390625,false
1250.00,FP000002,10186.13,10.00,8136.01,"(10254.01, 10, 8100.552)",33,10262.8759765625,8095.921875,2990.79467773438,11894.896484375,false
1250.00,FP000018,8634.22,10.00,7669.33,"(10253.2, 10, 8093.388)",15,10262.8759765625,8095.921875,6167.4765625,7023.19775390625,false
1250.00,FP000011,8682.78,10.00,9520.78,"(10255.45, 10, 8102.619)",33,10262.8759765625,8095.921875,4443.03173828125,13344.0107421875,false
1250.00,FP000022,9990.81,10.00,3500.80,"(10262.29, 10, 8085.939)",33,10262.8759765625,8095.921875,9766.533203125,-287.558776855469,false
1250.00,FP000004,10448.46,10.00,6373.40,"(11087.35, 10, 443.4938)",38.5,10262.8759765625,8095.921875,11087.353515625,443.493804931641,false
1260.00,FP000021,10348.32,10.00,9677.04,"(10263.42, 10, 8105.907)",33,10262.8759765625,8095.921875,10982.09375,21407.400390625,false
1260.00,FP000018,8779.33,10.00,7707.34,"(10253.2, 10, 8093.388)",15,10262.8759765625,8095.921875,6167.4765625,7023.19775390625,false
1260.00,FP000011,8927.85,10.00,9299.79,"(10255.45, 10, 8102.619)",33,10262.8759765625,8095.921875,4443.03173828125,13344.0107421875,false
1260.00,FP000022,10010.31,10.00,3830.23,"(10262.29, 10, 8085.939)",33,10262.8759765625,8095.921875,9766.533203125,-287.558776855469,false
1260.00,FP000004,10489.70,10.00,5990.61,"(11087.35, 10, 443.4938)",38.5,10262.8759765625,8095.921875,11087.353515625,443.493804931641,false
1270.00,FP000021,10330.51,10.00,9347.52,"(10263.42, 10, 8105.907)",33,10262.8759765625,8095.921875,10982.09375,21407.400390625,false
1270.00,FP000018,8924.44,10.00,7745.34,"(10253.2, 10, 8093.388)",15,10262.8759765625,8095.921875,6167.4765625,7023.19775390625,false
1270.00,FP000011,9172.92,10.00,9078.79,"(10255.45, 10, 8102.619)",33,10262.8759765625,8095.921875,4443.03173828125,13344.0107421875,false
1270.00,FP000022,10029.81,10.00,4159.65,"(10262.29, 10, 8085.939)",33,10262.8759765625,8095.921875,9766.533203125,-287.558776855469,false
1270.00,FP000004,10530.94,10.00,5607.83,"(11087.35, 10, 443.4938)",38.5,10262.8759765625,8095.921875,11087.353515625,443.493804931641,false
1280.00,FP000021,10312.71,10.00,9017.99,"(10263.42, 10, 8105.907)",33,10262.8759765625,8095.921875,10982.09375,21407.400390625,false
1280.00,FP000018,9069.55,10.00,7783.35,"(10253.2, 10, 8093.388)",15,10262.8759765625,8095.921875,6167.4765625,7023.19775390625,false
1280.00,FP000011,9418.00,10.00,8857.79,"(10255.45, 10, 8102.619)",33,10262.8759765625,8095.921875,4443.03173828125,13344.0107421875,false
1280.00,FP000022,10049.31,10.00,4489.08,"(10262.29, 10, 8085.939)",33,10262.8759765625,8095.921875,9766.533203125,-287.558776855469,false
1280.00,FP000004,10572.18,10.00,5225.05,"(11087.35, 10, 443.4938)",38.5,10262.8759765625,8095.921875,11087.353515625,443.493804931641,false
1290.00,FP000021,10294.90,10.00,8688.47,"(10263.42, 10, 8105.907)",33,10262.8759765625,8095.921875,10982.09375,21407.400390625,false
1290.00,FP000018,9214.65,10.00,7821.36,"(10253.2, 10, 8093.388)",15,10262.8759765625,8095.921875,6167.4765625,7023.19775390625,false
1290.00,FP000011,9663.07,10.00,8636.80,"(10255.45, 10, 8102.619)",33,10262.8759765625,8095.921875,4443.03173828125,13344.0107421875,false
1290.00,FP000022,10068.81,10.00,4818.50,"(10262.29, 10, 8085.939)",33,10262.8759765625,8095.921875,9766.533203125,-287.558776855469,false
1290.00,FP000004,10613.42,10.00,4842.26,"(11087.35, 10, 443.4938)",38.5,10262.8759765625,8095.921875,11087.353515625,443.493804931641,false
1300.00,FP000021,10277.09,10.00,8358.95,"(10263.42, 10, 8105.907)",33,10262.8759765625,8095.921875,10982.09375,21407.400390625,false
1300.00,FP000018,9359.76,10.00,7859.37,"(10253.2, 10, 8093.388)",15,10262.8759765625,8095.921875,6167.4765625,7023.19775390625,false
1300.00,FP000011,9908.14,10.00,8415.80,"(10255.45, 10, 8102.619)",33,10262.8759765625,8095.921875,4443.03173828125,13344.0107421875,false
1300.00,FP000022,10088.32,10.00,5147.92,"(10262.29, 10, 8085.939)",33,10262.8759765625,8095.921875,9766.533203125,-287.558776855469,false
1300.00,FP000004,10654.66,10.00,4459.48,"(11087.35, 10, 443.4938)",38.5,10262.8759765625,8095.921875,11087.353515625,443.493804931641,false
1300.00,FP000015,9996.44,10.00,7745.77,"(6373.477, 10, 2984.404)",55,10262.8759765625,8095.921875,2484.07690429688,-2127.11352539063,false
1310.00,FP000018,9504.87,10.00,7897.37,"(10253.2, 10, 8093.388)",15,10262.8759765625,8095.921875,6167.4765625,7023.19775390625,false
1310.00,FP000011,10153.22,10.00,8194.81,"(10255.45, 10, 8102.619)",33,10262.8759765625,8095.921875,4443.03173828125,13344.0107421875,false
1310.00,FP000022,10107.82,10.00,5477.35,"(10262.29, 10, 8085.939)",33,10262.8759765625,8095.921875,9766.533203125,-287.558776855469,false
1310.00,FP000004,10695.90,10.00,4076.70,"(11087.35, 10, 443.4938)",38.5,10262.8759765625,8095.921875,11087.353515625,443.493804931641,false
1310.00,FP000015,9663.39,10.00,7308.07,"(6373.477, 10, 2984.404)",55,10262.8759765625,8095.921875,2484.07690429688,-2127.11352539063,false
1320.00,FP000018,9649.98,10.00,7935.38,"(10253.2, 10, 8093.388)",15,10262.8759765625,8095.921875,6167.4765625,7023.19775390625,false
1320.00,FP000022,10127.32,10.00,5806.77,"(10262.29, 10, 8085.939)",33,10262.8759765625,8095.921875,9766.533203125,-287.558776855469,false
1320.00,FP000004,10737.14,10.00,3693.91,"(11087.35, 10, 443.4938)",38.5,10262.8759765625,8095.921875,11087.353515625,443.493804931641,false
1320.00,FP000015,9330.34,10.00,6870.38,"(6373.477, 10, 2984.404)",55,10262.8759765625,8095.921875,2484.07690429688,-2127.11352539063,false
1330.00,FP000018,9795.08,10.00,7973.39,"(10253.2, 10, 8093.388)",15,10262.8759765625,8095.921875,6167.4765625,7023.19775390625,false
1330.00,FP000022,10146.83,10.00,6136.19,"(10262.29, 10, 8085.939)",33,10262.8759765625,8095.921875,9766.533203125,-287.558776855469,false
1330.00,FP000004,10778.38,10.00,3311.13,"(11087.35, 10, 443.4938)",38.5,10262.8759765625,8095.921875,11087.353515625,443.493804931641,false
1330.00,FP000015,8997.30,10.00,6432.68,"(6373.477, 10, 2984.404)",55,10262.8759765625,8095.921875,2484.07690429688,-2127.11352539063,false
1340.00,FP000018,9940.19,10.00,8011.40,"(10253.2, 10, 8093.388)",15,10262.8759765625,8095.921875,6167.4765625,7023.19775390625,false
1340.00,FP000022,10166.34,10.00,6465.62,"(10262.29, 10, 8085.939)",33,10262.8759765625,8095.921875,9766.533203125,-287.558776855469,false
1340.00,FP000004,10819.62,10.00,2928.34,"(11087.35, 10, 443.4938)",38.5,10262.8759765625,8095.921875,11087.353515625,443.493804931641,false
1340.00,FP000015,8664.25,10.00,5994.98,"(6373.477, 10, 2984.404)",55,10262.8759765625,8095.921875,2484.07690429688,-2127.11352539063,false
1340.00,FP000014,10347.68,10.00,7954.38,"(13031.59, 10, 3475.015)",55,10262.8759765625,8095.921875,15800.310546875,-1145.89196777344,false
1350.00,FP000018,10085.30,10.00,8049.41,"(10253.2, 10, 8093.388)",15,10262.8759765625,8095.921875,6167.4765625,7023.19775390625,false
1350.00,FP000022,10185.84,10.00,6795.04,"(10262.29, 10, 8085.939)",33,10262.8759765625,8095.921875,9766.533203125,-287.558776855469,false
1350.00,FP000004,10860.86,10.00,2545.56,"(11087.35, 10, 443.4938)",38.5,10262.8759765625,8095.921875,11087.353515625,443.493804931641,false
1350.00,FP000015,8331.20,10.00,5557.29,"(6373.477, 10, 2984.404)",55,10262.8759765625,8095.921875,2484.07690429688,-2127.11352539063,false
1350.00,FP000014,10630.37,10.00,7482.59,"(13031.59, 10, 3475.015)",55,10262.8759765625,8095.921875,15800.310546875,-1145.89196777344,false
1350.00,FP000005,10276.06,10.00,8149.32,"(11931.59, 10, 14851.82)",55,10262.8759765625,8095.921875,13600.3076171875,21607.716796875,false
1360.00,FP000018,10230.41,10.00,8087.42,"(10253.2, 10, 8093.388)",15,10262.8759765625,8095.921875,6167.4765625,7023.19775390625,false
1360.00,FP000022,10205.35,10.00,7124.47,"(10262.29, 10, 8085.939)",33,10262.8759765625,8095.921875,9766.533203125,-287.558776855469,false
1360.00,FP000004,10902.10,10.00,2162.77,"(11087.35, 10, 443.4938)",38.5,10262.8759765625,8095.921875,11087.353515625,443.493804931641,false
1360.00,FP000015,7998.16,10.00,5119.59,"(6373.477, 10, 2984.404)",55,10262.8759765625,8095.921875,2484.07690429688,-2127.11352539063,false
1360.00,FP000014,10913.05,10.00,7010.80,"(13031.59, 10, 3475.015)",55,10262.8759765625,8095.921875,15800.310546875,-1145.89196777344,false
1360.00,FP000005,10407.95,10.00,8683.27,"(11931.59, 10, 14851.82)",55,10262.8759765625,8095.921875,13600.3076171875,21607.716796875,false
1370.00,FP000022,10224.86,10.00,7453.89,"(10262.29, 10, 8085.939)",33,10262.8759765625,8095.921875,9766.533203125,-287.558776855469,false
1370.00,FP000004,10943.35,10.00,1779.99,"(11087.35, 10, 443.4938)",38.5,10262.8759765625,8095.921875,11087.353515625,443.493804931641,false
1370.00,FP000015,7665.11,10.00,4681.90,"(6373.477, 10, 2984.404)",55,10262.8759765625,8095.921875,2484.07690429688,-2127.11352539063,false
1370.00,FP000014,11195.74,10.00,6539.01,"(13031.59, 10, 3475.015)",55,10262.8759765625,8095.921875,15800.310546875,-1145.89196777344,false
1370.00,FP000005,10539.83,10.00,9217.23,"(11931.59, 10, 14851.82)",55,10262.8759765625,8095.921875,13600.3076171875,21607.716796875,false
1380.00,FP000022,10244.37,10.00,7783.31,"(10262.29, 10, 8085.939)",33,10262.8759765625,8095.921875,9766.533203125,-287.558776855469,false
1380.00,FP000004,10984.59,10.00,1397.20,"(11087.35, 10, 443.4938)",38.5,10262.8759765625,8095.921875,11087.353515625,443.493804931641,false
1380.00,FP000015,7332.06,10.00,4244.20,"(6373.477, 10, 2984.404)",55,10262.8759765625,8095.921875,2484.07690429688,-2127.11352539063,false
1380.00,FP000014,11478.42,10.00,6067.22,"(13031.59, 10, 3475.015)",55,10262.8759765625,8095.921875,15800.310546875,-1145.89196777344,false
1380.00,FP000005,10671.72,10.00,9751.18,"(11931.59, 10, 14851.82)",55,10262.8759765625,8095.921875,13600.3076171875,21607.716796875,false
1390.00,FP000022,10262.29,10.00,8085.94,"(10262.29, 10, 8085.939)",33,10262.8759765625,8095.921875,9766.533203125,-287.558776855469,true
1390.00,FP000004,11025.84,10.00,1014.42,"(11087.35, 10, 443.4938)",38.5,10262.8759765625,8095.921875,11087.353515625,443.493804931641,false
1390.00,FP000015,6999.02,10.00,3806.50,"(6373.477, 10, 2984.404)",55,10262.8759765625,8095.921875,2484.07690429688,-2127.11352539063,false
1390.00,FP000014,11761.11,10.00,5595.42,"(13031.59, 10, 3475.015)",55,10262.8759765625,8095.921875,15800.310546875,-1145.89196777344,false
1390.00,FP000005,10803.60,10.00,10285.14,"(11931.59, 10, 14851.82)",55,10262.8759765625,8095.921875,13600.3076171875,21607.716796875,false
1400.00,FP000004,11067.08,10.00,631.64,"(11087.35, 10, 443.4938)",38.5,10262.8759765625,8095.921875,11087.353515625,443.493804931641,false
1400.00,FP000015,6665.97,10.00,3368.80,"(6373.477, 10, 2984.404)",55,10262.8759765625,8095.921875,2484.07690429688,-2127.11352539063,false
1400.00,FP000014,12043.79,10.00,5123.63,"(13031.59, 10, 3475.015)",55,10262.8759765625,8095.921875,15800.310546875,-1145.89196777344,false
1400.00,FP000005,10935.49,10.00,10819.09,"(11931.59, 10, 14851.82)",55,10262.8759765625,8095.921875,13600.3076171875,21607.716796875,false
1410.00,FP000004,11080.28,10.00,509.11,"(10263.95, 10, 8085.979)",33,10262.8759765625,8095.921875,11087.353515625,443.493804931641,false
1410.00,FP000015,6350.16,10.00,2953.77,"(2484.077, 10, -2127.114)",38.5,10262.8759765625,8095.921875,2484.07690429688,-2127.11352539063,false
1410.00,FP000014,12326.48,10.00,4651.84,"(13031.59, 10, 3475.015)",55,10262.8759765625,8095.921875,15800.310546875,-1145.89196777344,false
1410.00,FP000005,11067.37,10.00,11353.05,"(11931.59, 10, 14851.82)",55,10262.8759765625,8095.921875,13600.3076171875,21607.716796875,false
1420.00,FP000004,11044.93,10.00,837.21,"(10263.95, 10, 8085.979)",33,10262.8759765625,8095.921875,11087.353515625,443.493804931641,false
1420.00,FP000015,6117.03,10.00,2647.38,"(2484.077, 10, -2127.114)",38.5,10262.8759765625,8095.921875,2484.07690429688,-2127.11352539063,false
1420.00,FP000014,12609.17,10.00,4180.04,"(13031.59, 10, 3475.015)",55,10262.8759765625,8095.921875,15800.310546875,-1145.89196777344,false
1420.00,FP000005,11199.26,10.00,11887.00,"(11931.59, 10, 14851.82)",55,10262.8759765625,8095.921875,13600.3076171875,21607.716796875,false
1430.00,FP000004,11009.58,10.00,1165.31,"(10263.95, 10, 8085.979)",33,10262.8759765625,8095.921875,11087.353515625,443.493804931641,false
1430.00,FP000015,5883.89,10.00,2340.99,"(2484.077, 10, -2127.114)",38.5,10262.8759765625,8095.921875,2484.07690429688,-2127.11352539063,false
1430.00,FP000014,12891.85,10.00,3708.25,"(13031.59, 10, 3475.015)",55,10262.8759765625,8095.921875,15800.310546875,-1145.89196777344,false
1430.00,FP000005,11331.15,10.00,12420.96,"(11931.59, 10, 14851.82)",55,10262.8759765625,8095.921875,13600.3076171875,21607.716796875,false
